product_sku,vendor_code,vendor_name,price,effective_date,vendor_reliability,product_category,product_unit_cost
PRD-00103,VEN-0021,Sigma Supplies #21,129.58,2024-12-31,100,Raw Materials,100.82
PRD-00047,VEN-0021,Sigma Supplies #21,23.13,2024-12-31,100,Raw Materials,16.06
PRD-00140,VEN-0021,Sigma Supplies #21,195.34,2024-12-31,100,Finished Goods,142.63
PRD-00414,VEN-0021,Sigma Supplies #21,9.13,2024-12-31,100,Consumables,7.1
PRD-00152,VEN-0021,Sigma Supplies #21,220.18,2024-12-31,100,Finished Goods,182.23
PRD-00133,VEN-0170,Beta Materials #170,257.78,2024-12-26,79,Finished Goods,179.31
PRD-00346,VEN-0171,Beta Inc #171,77.87,2024-12-24,70,Components,55.74
PRD-00219,VEN-0171,Beta Inc #171,792.41,2024-12-24,70,Finished Goods,574.31
PRD-00290,VEN-0171,Beta Inc #171,34.5,2024-12-24,70,Components,27.83
PRD-00187,VEN-0171,Beta Inc #171,601.5,2024-12-24,70,Finished Goods,427.09
PRD-00474,VEN-0143,Epsilon Trading #143,21.44,2024-12-19,86,Consumables,14.9
PRD-00235,VEN-0150,Theta Trading #150,985.29,2024-12-12,95,Finished Goods,733.78
PRD-00372,VEN-0150,Theta Trading #150,15.33,2024-12-12,95,Consumables,10.96
PRD-00286,VEN-0150,Theta Trading #150,37.69,2024-12-12,95,Components,27.97
PRD-00167,VEN-0150,Theta Trading #150,562.72,2024-12-12,95,Finished Goods,417.51
PRD-00484,VEN-0169,Eta International #169,19.36,2024-12-09,83,Consumables,13.68
PRD-00002,VEN-0169,Eta International #169,32.28,2024-12-09,83,Raw Materials,24.32
PRD-00177,VEN-0169,Eta International #169,496.13,2024-12-09,83,Finished Goods,355.93
PRD-00013,VEN-0169,Eta International #169,38.88,2024-12-09,83,Raw Materials,27.06
PRD-00342,VEN-0087,Kappa Trading #87,80.26,2024-11-29,85,Components,56.02
PRD-00275,VEN-0087,Kappa Trading #87,0.86,2024-11-29,85,Components,0.6
PRD-00169,VEN-0195,Alpha Corp #195,455.27,2024-11-28,76,Finished Goods,312.96
PRD-00123,VEN-0145,Delta Inc #145,204.3,2024-11-27,95,Finished Goods,140.06
PRD-00291,VEN-0145,Delta Inc #145,37.52,2024-11-27,95,Components,25.66
PRD-00292,VEN-0145,Delta Inc #145,34.44,2024-11-27,95,Components,27.85
PRD-00082,VEN-0145,Delta Inc #145,145.06,2024-11-27,95,Raw Materials,96.87
PRD-00450,VEN-0145,Delta Inc #145,4.52,2024-11-27,95,Consumables,3.47
PRD-00276,VEN-0038,Beta Ltd #38,0.7,2024-11-22,96,Components,0.53
PRD-00149,VEN-0038,Beta Ltd #38,241.41,2024-11-22,96,Finished Goods,178.75
PRD-00152,VEN-0112,Delta Ltd #112,263.02,2024-11-19,95,Finished Goods,182.23
PRD-00355,VEN-0112,Delta Ltd #112,106.36,2024-11-19,95,Components,74.8
PRD-00363,VEN-0174,Beta Group #174,19.65,2024-11-15,77,Consumables,14.02
PRD-00399,VEN-0174,Beta Group #174,11.89,2024-11-15,77,Consumables,8.24
PRD-00476,VEN-0086,Epsilon Industries #86,22.04,2024-11-12,94,Consumables,15.48
PRD-00307,VEN-0086,Epsilon Industries #86,48.01,2024-11-12,94,Components,35.09
PRD-00151,VEN-0086,Epsilon Industries #86,274.04,2024-11-12,94,Finished Goods,198.22
PRD-00220,VEN-0086,Epsilon Industries #86,803.16,2024-11-12,94,Finished Goods,589.48
PRD-00313,VEN-0086,Epsilon Industries #86,47.05,2024-11-12,94,Components,37.18
PRD-00176,VEN-0161,Eta Group #161,451.64,2024-11-11,72,Finished Goods,334.26
PRD-00350,VEN-0161,Eta Group #161,108.25,2024-11-11,72,Components,73.47
PRD-00472,VEN-0161,Eta Group #161,19.41,2024-11-11,72,Consumables,14.1
PRD-00165,VEN-0161,Eta Group #161,443.17,2024-11-11,72,Finished Goods,311.79
PRD-00233,VEN-0137,Gamma Corp #137,728.3,2024-11-01,90,Finished Goods,601.99
PRD-00009,VEN-0137,Gamma Corp #137,35.19,2024-11-01,90,Raw Materials,23.9
PRD-00447,VEN-0137,Gamma Corp #137,3.98,2024-11-01,90,Consumables,3.04
PRD-00210,VEN-0079,Sigma Group #79,710.88,2024-10-30,95,Finished Goods,528.84
PRD-00164,VEN-0079,Sigma Group #79,511.06,2024-10-30,95,Finished Goods,376.48
PRD-00134,VEN-0079,Sigma Group #79,200.97,2024-10-30,95,Finished Goods,166.81
PRD-00099,VEN-0079,Sigma Group #79,100.89,2024-10-30,95,Raw Materials,77.04
PRD-00361,VEN-0079,Sigma Group #79,15.77,2024-10-30,95,Consumables,10.59
PRD-00462,VEN-0147,Eta International #147,23.5,2024-10-18,94,Consumables,17.59
PRD-00452,VEN-0147,Eta International #147,4.76,2024-10-18,94,Consumables,3.36
PRD-00481,VEN-0147,Eta International #147,21.98,2024-10-18,94,Consumables,16.15
PRD-00213,VEN-0147,Eta International #147,891.88,2024-10-18,94,Finished Goods,620.66
PRD-00274,VEN-0154,Theta Industries #154,0.52,2024-10-16,85,Components,0.42
PRD-00312,VEN-0154,Theta Industries #154,60.44,2024-10-16,85,Components,41.86
PRD-00249,VEN-0112,Delta Ltd #112,6.16,2024-10-08,95,Components,4.78
PRD-00122,VEN-0112,Delta Ltd #112,229.25,2024-10-08,95,Finished Goods,158.97
PRD-00392,VEN-0024,Alpha Corp #24,9.73,2024-10-03,98,Consumables,7.96
PRD-00479,VEN-0024,Alpha Corp #24,21.42,2024-10-03,98,Consumables,16.58
PRD-00272,VEN-0024,Alpha Corp #24,0.78,2024-10-03,98,Components,0.56
PRD-00263,VEN-0198,Lambda Ltd #198,0.72,2024-10-02,77,Components,0.5
PRD-00375,VEN-0198,Lambda Ltd #198,17.85,2024-10-02,77,Consumables,12.5
PRD-00482,VEN-0110,Epsilon Corp #110,21.81,2024-09-24,87,Consumables,16.99
PRD-00369,VEN-0110,Epsilon Corp #110,15.04,2024-09-24,87,Consumables,10.1
PRD-00151,VEN-0110,Epsilon Corp #110,247.96,2024-09-24,87,Finished Goods,198.22
PRD-00075,VEN-0110,Epsilon Corp #110,22.61,2024-09-24,87,Raw Materials,17.96
PRD-00235,VEN-0034,Gamma Industries #34,1067.82,2024-09-23,97,Finished Goods,733.78
PRD-00156,VEN-0034,Gamma Industries #34,214.0,2024-09-23,97,Finished Goods,176.76
PRD-00419,VEN-0034,Gamma Industries #34,9.23,2024-09-23,97,Consumables,7.66
PRD-00267,VEN-0034,Gamma Industries #34,0.71,2024-09-23,97,Components,0.58
PRD-00173,VEN-0034,Gamma Industries #34,413.58,2024-09-23,97,Finished Goods,335.73
PRD-00469,VEN-0002,Kappa Components #2,20.09,2024-09-20,97,Consumables,14.01
PRD-00134,VEN-0002,Kappa Components #2,220.83,2024-09-20,97,Finished Goods,166.81
PRD-00108,VEN-0002,Kappa Components #2,40.85,2024-09-20,97,Raw Materials,33.62
PRD-00346,VEN-0121,Gamma Ltd #121,74.92,2024-09-17,86,Components,55.74
PRD-00347,VEN-0121,Gamma Ltd #121,72.8,2024-09-17,86,Components,54.79
PRD-00417,VEN-0121,Gamma Ltd #121,11.06,2024-09-17,86,Consumables,7.99
PRD-00146,VEN-0181,Lambda Supplies #181,229.38,2024-08-26,81,Finished Goods,169.1
PRD-00227,VEN-0181,Lambda Supplies #181,900.81,2024-08-26,81,Finished Goods,708.34
PRD-00007,VEN-0181,Lambda Supplies #181,28.91,2024-08-26,81,Raw Materials,22.46
PRD-00094,VEN-0115,Theta International #115,113.85,2024-08-16,88,Raw Materials,91.35
PRD-00284,VEN-0115,Theta International #115,34.02,2024-08-16,88,Components,24.2
PRD-00112,VEN-0020,Iota Industries #20,50.63,2024-08-05,100,Raw Materials,37.35
PRD-00146,VEN-0020,Iota Industries #20,241.72,2024-08-05,100,Finished Goods,169.1
PRD-00004,VEN-0020,Iota Industries #20,36.93,2024-08-05,100,Raw Materials,28.88
PRD-00116,VEN-0020,Iota Industries #20,38.84,2024-08-05,100,Raw Materials,29.72
PRD-00205,VEN-0151,Zeta Components #151,774.53,2024-08-01,88,Finished Goods,555.38
PRD-00361,VEN-0151,Zeta Components #151,14.45,2024-08-01,88,Consumables,10.59
PRD-00477,VEN-0151,Zeta Components #151,20.87,2024-08-01,88,Consumables,15.34
PRD-00044,VEN-0151,Zeta Components #151,64.54,2024-08-01,88,Raw Materials,44.07
PRD-00362,VEN-0151,Zeta Components #151,14.35,2024-08-01,88,Consumables,9.74
PRD-00458,VEN-0099,Beta Corp #99,23.45,2024-07-31,90,Consumables,16.81
PRD-00426,VEN-0099,Beta Corp #99,3.83,2024-07-31,90,Consumables,3.05
PRD-00189,VEN-0099,Beta Corp #99,679.47,2024-07-31,90,Finished Goods,472.32
PRD-00181,VEN-0099,Beta Corp #99,578.02,2024-07-31,90,Finished Goods,445.59
PRD-00470,VEN-0120,Zeta Corp #120,24.19,2024-07-29,95,Consumables,17.07
PRD-00439,VEN-0120,Zeta Corp #120,3.47,2024-07-29,95,Consumables,2.65
PRD-00087,VEN-0120,Zeta Corp #120,192.23,2024-07-29,95,Raw Materials,137.2
PRD-00027,VEN-0120,Zeta Corp #120,39.94,2024-07-29,95,Raw Materials,29.43
PRD-00074,VEN-0120,Zeta Corp #120,22.98,2024-07-29,95,Raw Materials,16.98
PRD-00415,VEN-0156,Delta Group #156,9.09,2024-07-16,91,Consumables,7.06
PRD-00229,VEN-0156,Delta Group #156,1146.6,2024-07-16,91,Finished Goods,816.92
PRD-00473,VEN-0049,Beta Materials #49,25.9,2024-07-15,99,Consumables,17.28
PRD-00120,VEN-0049,Beta Materials #49,46.64,2024-07-15,99,Raw Materials,32.09
PRD-00347,VEN-0087,Kappa Trading #87,76.81,2024-07-11,85,Components,54.79
PRD-00062,VEN-0087,Kappa Trading #87,21.71,2024-07-11,85,Raw Materials,17.65
PRD-00274,VEN-0179,Theta Components #179,0.55,2024-07-03,76,Components,0.42
PRD-00085,VEN-0179,Theta Components #179,164.52,2024-07-03,76,Raw Materials,115.19
PRD-00312,VEN-0179,Theta Components #179,64.21,2024-07-03,76,Components,41.86
PRD-00384,VEN-0179,Theta Components #179,13.59,2024-07-03,76,Consumables,11.25
PRD-00138,VEN-0179,Theta Components #179,160.72,2024-07-03,76,Finished Goods,123.64
PRD-00082,VEN-0003,Sigma Corp #3,128.17,2024-07-02,97,Raw Materials,96.87
PRD-00107,VEN-0069,Kappa Industries #69,50.45,2024-06-27,95,Raw Materials,36.23
PRD-00192,VEN-0108,Zeta Materials #108,533.09,2024-06-24,94,Finished Goods,440.09
PRD-00186,VEN-0108,Zeta Materials #108,424.38,2024-06-24,94,Finished Goods,343.27
PRD-00340,VEN-0108,Zeta Materials #108,67.24,2024-06-24,94,Components,46.21
PRD-00467,VEN-0108,Zeta Materials #108,19.38,2024-06-24,94,Consumables,14.21
PRD-00462,VEN-0012,Lambda Ltd #12,21.12,2024-06-21,97,Consumables,17.59
PRD-00003,VEN-0012,Lambda Ltd #12,32.93,2024-06-21,97,Raw Materials,25.16
PRD-00018,VEN-0012,Lambda Ltd #12,42.55,2024-06-21,97,Raw Materials,31.59
PRD-00113,VEN-0012,Lambda Ltd #12,52.92,2024-06-21,97,Raw Materials,40.25
PRD-00073,VEN-0012,Lambda Ltd #12,20.82,2024-06-21,97,Raw Materials,16.48
PRD-00273,VEN-0087,Kappa Trading #87,0.6,2024-06-13,85,Components,0.45
PRD-00479,VEN-0087,Kappa Trading #87,21.63,2024-06-13,85,Consumables,16.58
PRD-00055,VEN-0087,Kappa Trading #87,18.81,2024-06-13,85,Raw Materials,14.71
PRD-00008,VEN-0087,Kappa Trading #87,27.07,2024-06-13,85,Raw Materials,20.36
PRD-00254,VEN-0024,Alpha Corp #24,8.47,2024-06-10,98,Components,4.78
PRD-00331,VEN-0024,Alpha Corp #24,49.48,2024-06-10,98,Components,37.62
PRD-00341,VEN-0024,Alpha Corp #24,116.41,2024-06-10,98,Components,77.95
PRD-00261,VEN-0157,Kappa Corp #157,0.6,2024-06-03,90,Components,0.42
PRD-00479,VEN-0157,Kappa Corp #157,22.69,2024-06-03,90,Consumables,16.58
PRD-00272,VEN-0039,Beta Supplies #39,0.8,2024-05-24,95,Components,0.56
PRD-00320,VEN-0039,Beta Supplies #39,45.27,2024-05-24,95,Components,31.39
PRD-00027,VEN-0068,Alpha Group #68,44.08,2024-05-17,93,Raw Materials,29.43
PRD-00294,VEN-0068,Alpha Group #68,29.01,2024-05-17,93,Components,20.86
PRD-00467,VEN-0129,Lambda Group #129,19.42,2024-05-10,91,Consumables,14.21
PRD-00445,VEN-0129,Lambda Group #129,4.52,2024-05-10,91,Consumables,3.26
PRD-00326,VEN-0129,Lambda Group #129,57.46,2024-05-10,91,Components,46.86
PRD-00324,VEN-0129,Lambda Group #129,59.56,2024-05-10,91,Components,42.34
PRD-00393,VEN-0157,Kappa Corp #157,11.19,2024-05-08,90,Consumables,8.25
PRD-00309,VEN-0157,Kappa Corp #157,53.67,2024-05-08,90,Components,41.11
PRD-00235,VEN-0157,Kappa Corp #157,1065.59,2024-05-08,90,Finished Goods,733.78
PRD-00228,VEN-0082,Epsilon Trading #82,1063.94,2024-04-29,95,Finished Goods,825.75
PRD-00165,VEN-0194,Epsilon Industries #194,388.57,2024-04-26,73,Finished Goods,311.79
PRD-00193,VEN-0194,Epsilon Industries #194,639.71,2024-04-26,73,Finished Goods,440.74
PRD-00220,VEN-0194,Epsilon Industries #194,775.11,2024-04-26,73,Finished Goods,589.48
PRD-00052,VEN-0194,Epsilon Industries #194,17.79,2024-04-26,73,Raw Materials,13.79
PRD-00406,VEN-0194,Epsilon Industries #194,12.9,2024-04-26,73,Consumables,9.21
PRD-00213,VEN-0071,Beta Supplies #71,857.39,2024-04-15,91,Finished Goods,620.66
PRD-00291,VEN-0071,Beta Supplies #71,41.99,2024-04-15,91,Components,25.66
PRD-00029,VEN-0075,Eta Inc #75,42.46,2024-03-14,89,Raw Materials,30.69
PRD-00393,VEN-0075,Eta Inc #75,11.32,2024-03-14,89,Consumables,8.25
PRD-00378,VEN-0021,Sigma Supplies #21,18.32,2024-03-04,100,Consumables,13.42
PRD-00334,VEN-0021,Sigma Supplies #21,51.13,2024-03-04,100,Components,39.23
PRD-00126,VEN-0021,Sigma Supplies #21,180.39,2024-03-04,100,Finished Goods,132.0
PRD-00398,VEN-0021,Sigma Supplies #21,10.5,2024-03-04,100,Consumables,8.72
PRD-00127,VEN-0106,Beta Group #106,244.95,2024-02-23,89,Finished Goods,174.71
PRD-00301,VEN-0106,Beta Group #106,44.08,2024-02-23,89,Components,36.66
PRD-00224,VEN-0106,Beta Group #106,783.69,2024-02-23,89,Finished Goods,621.36
PRD-00289,VEN-0106,Beta Group #106,25.49,2024-02-23,89,Components,20.75
PRD-00398,VEN-0106,Beta Group #106,12.01,2024-02-23,89,Consumables,8.72
PRD-00429,VEN-0145,Delta Inc #145,3.75,2024-02-22,95,Consumables,2.99
PRD-00448,VEN-0145,Delta Inc #145,4.67,2024-02-22,95,Consumables,3.54
PRD-00449,VEN-0198,Lambda Ltd #198,4.95,2024-02-06,77,Consumables,3.35
PRD-00115,VEN-0198,Lambda Ltd #198,62.52,2024-02-06,77,Raw Materials,41.75
PRD-00129,VEN-0198,Lambda Ltd #198,212.24,2024-02-06,77,Finished Goods,172.27
PRD-00275,VEN-0198,Lambda Ltd #198,0.77,2024-02-06,77,Components,0.6
PRD-00230,VEN-0190,Zeta Ltd #190,1038.42,2024-01-24,77,Finished Goods,815.44
PRD-00038,VEN-0190,Zeta Ltd #190,55.7,2024-01-24,77,Raw Materials,45.4
PRD-00006,VEN-0190,Zeta Ltd #190,38.12,2024-01-24,77,Raw Materials,26.57
PRD-00088,VEN-0190,Zeta Ltd #190,181.73,2024-01-24,77,Raw Materials,123.28
PRD-00031,VEN-0055,Zeta Ltd #55,56.07,2024-01-12,98,Raw Materials,38.6
PRD-00389,VEN-0099,Beta Corp #99,13.96,2023-12-29,90,Consumables,10.33
PRD-00315,VEN-0099,Beta Corp #99,42.32,2023-12-29,90,Components,29.39
PRD-00371,VEN-0099,Beta Corp #99,17.42,2023-12-29,90,Consumables,12.78
PRD-00418,VEN-0099,Beta Corp #99,11.83,2023-12-29,90,Consumables,8.59
PRD-00063,VEN-0024,Alpha Corp #24,24.61,2023-12-26,98,Raw Materials,16.67
PRD-00098,VEN-0024,Alpha Corp #24,88.06,2023-12-26,98,Raw Materials,68.44
PRD-00061,VEN-0024,Alpha Corp #24,31.79,2023-12-26,98,Raw Materials,23.39
PRD-00337,VEN-0024,Alpha Corp #24,55.93,2023-12-26,98,Components,45.6
PRD-00210,VEN-0024,Alpha Corp #24,824.48,2023-12-26,98,Finished Goods,528.84
PRD-00448,VEN-0155,Lambda Trading #155,4.5,2023-12-07,92,Consumables,3.54
PRD-00122,VEN-0155,Lambda Trading #155,237.97,2023-12-07,92,Finished Goods,158.97
PRD-00470,VEN-0155,Lambda Trading #155,22.61,2023-12-07,92,Consumables,17.07
PRD-00447,VEN-0155,Lambda Trading #155,4.05,2023-12-07,92,Consumables,3.04
PRD-00207,VEN-0155,Lambda Trading #155,737.34,2023-12-07,92,Finished Goods,609.68
PRD-00102,VEN-0168,Lambda Group #168,115.9,2023-12-05,81,Raw Materials,90.52
PRD-00001,VEN-0168,Lambda Group #168,36.03,2023-12-05,81,Raw Materials,27.77
PRD-00377,VEN-0004,Zeta Trading #4,15.6,2023-11-30,99,Consumables,12.62
PRD-00032,VEN-0004,Zeta Trading #4,57.05,2023-11-30,99,Raw Materials,46.2
PRD-00045,VEN-0004,Zeta Trading #4,65.33,2023-11-30,99,Raw Materials,46.71
PRD-00149,VEN-0004,Zeta Trading #4,245.37,2023-11-30,99,Finished Goods,178.75
PRD-00309,VEN-0004,Zeta Trading #4,58.24,2023-11-30,99,Components,41.11
PRD-00264,VEN-0096,Lambda Inc #96,0.58,2023-11-23,88,Components,0.41
PRD-00093,VEN-0059,Lambda Group #59,131.58,2023-11-10,99,Raw Materials,98.0
PRD-00157,VEN-0059,Lambda Group #59,249.04,2023-11-10,99,Finished Goods,190.25
PRD-00015,VEN-0059,Lambda Group #59,36.68,2023-11-10,99,Raw Materials,25.82
PRD-00199,VEN-0059,Lambda Group #59,551.34,2023-11-10,99,Finished Goods,367.99
PRD-00191,VEN-0059,Lambda Group #59,582.51,2023-11-10,99,Finished Goods,455.17
PRD-00451,VEN-0108,Zeta Materials #108,4.16,2023-11-06,94,Consumables,3.07
PRD-00184,VEN-0108,Zeta Materials #108,540.2,2023-11-06,94,Finished Goods,439.07
PRD-00285,VEN-0108,Zeta Materials #108,39.31,2023-11-06,94,Components,26.98
PRD-00224,VEN-0108,Zeta Materials #108,823.37,2023-11-06,94,Finished Goods,621.36
PRD-00300,VEN-0061,Alpha Inc #61,38.24,2023-10-31,90,Components,28.03
PRD-00372,VEN-0043,Zeta Group #43,13.35,2023-10-27,99,Consumables,10.96
PRD-00296,VEN-0115,Theta International #115,37.26,2023-10-26,88,Components,26.83
PRD-00025,VEN-0115,Theta International #115,46.25,2023-10-26,88,Raw Materials,31.57
PRD-00190,VEN-0115,Theta International #115,537.74,2023-10-26,88,Finished Goods,427.23
PRD-00446,VEN-0115,Theta International #115,3.92,2023-10-26,88,Consumables,2.8
PRD-00439,VEN-0115,Theta International #115,3.59,2023-10-26,88,Consumables,2.65
PRD-00102,VEN-0184,Delta Industries #184,110.14,2023-10-18,83,Raw Materials,90.52
PRD-00076,VEN-0184,Delta Industries #184,152.28,2023-10-18,83,Raw Materials,104.63
PRD-00483,VEN-0184,Delta Industries #184,25.67,2023-10-18,83,Consumables,17.78
PRD-00239,VEN-0096,Lambda Inc #96,912.41,2023-10-13,88,Finished Goods,690.51
PRD-00300,VEN-0096,Lambda Inc #96,39.31,2023-10-13,88,Components,28.03
PRD-00219,VEN-0165,Lambda Inc #165,776.45,2023-10-12,85,Finished Goods,574.31
PRD-00400,VEN-0165,Lambda Inc #165,10.7,2023-10-12,85,Consumables,8.0
PRD-00084,VEN-0165,Lambda Inc #165,165.43,2023-10-12,85,Raw Materials,123.05
PRD-00413,VEN-0165,Lambda Inc #165,11.84,2023-10-12,85,Consumables,9.23
PRD-00130,VEN-0165,Lambda Inc #165,176.65,2023-10-12,85,Finished Goods,128.18
PRD-00098,VEN-0194,Epsilon Industries #194,87.61,2023-10-06,73,Raw Materials,68.44
PRD-00254,VEN-0194,Epsilon Industries #194,6.99,2023-10-06,73,Components,4.78
PRD-00076,VEN-0026,Sigma Corp #26,145.71,2023-10-04,97,Raw Materials,104.63
PRD-00350,VEN-0026,Sigma Corp #26,108.03,2023-10-04,97,Components,73.47
PRD-00179,VEN-0198,Lambda Ltd #198,411.89,2023-09-29,77,Finished Goods,322.3
PRD-00248,VEN-0198,Lambda Ltd #198,7.09,2023-09-29,77,Components,5.62
PRD-00291,VEN-0186,Epsilon Supplies #186,32.96,2023-09-26,77,Components,25.66
PRD-00436,VEN-0186,Epsilon Supplies #186,4.46,2023-09-26,77,Consumables,3.13
PRD-00265,VEN-0186,Epsilon Supplies #186,0.62,2023-09-26,77,Components,0.45
PRD-00321,VEN-0186,Epsilon Supplies #186,75.41,2023-09-26,77,Components,52.43
PRD-00240,VEN-0186,Epsilon Supplies #186,998.34,2023-09-26,77,Finished Goods,824.09
PRD-00025,VEN-0018,Beta Materials #18,40.91,2023-09-25,98,Raw Materials,31.57
PRD-00456,VEN-0018,Beta Materials #18,22.9,2023-09-25,98,Consumables,15.45
PRD-00022,VEN-0018,Beta Materials #18,31.75,2023-09-25,98,Raw Materials,25.07
PRD-00267,VEN-0128,Theta Supplies #128,0.7,2023-09-21,90,Components,0.58
PRD-00107,VEN-0128,Theta Supplies #128,50.11,2023-09-21,90,Raw Materials,36.23
PRD-00015,VEN-0128,Theta Supplies #128,36.69,2023-09-21,90,Raw Materials,25.82
PRD-00215,VEN-0182,Gamma Group #182,665.63,2023-09-19,72,Finished Goods,517.49
PRD-00054,VEN-0004,Zeta Trading #4,22.9,2023-09-11,99,Raw Materials,17.57
PRD-00464,VEN-0004,Zeta Trading #4,17.89,2023-09-11,99,Consumables,13.26
PRD-00134,VEN-0004,Zeta Trading #4,231.32,2023-09-11,99,Finished Goods,166.81
PRD-00068,VEN-0004,Zeta Trading #4,24.8,2023-09-11,99,Raw Materials,19.71
PRD-00109,VEN-0059,Lambda Group #59,46.26,2023-08-31,99,Raw Materials,35.35
PRD-00342,VEN-0034,Gamma Industries #34,78.16,2023-08-25,97,Components,56.02
PRD-00436,VEN-0018,Beta Materials #18,3.95,2023-08-23,98,Consumables,3.13
PRD-00026,VEN-0018,Beta Materials #18,48.88,2023-08-23,98,Raw Materials,34.37
PRD-00085,VEN-0018,Beta Materials #18,162.28,2023-08-23,98,Raw Materials,115.19
PRD-00401,VEN-0021,Sigma Supplies #21,11.16,2023-08-09,100,Consumables,8.06
PRD-00004,VEN-0143,Epsilon Trading #143,37.87,2023-07-28,86,Raw Materials,28.88
PRD-00161,VEN-0143,Epsilon Trading #143,397.94,2023-07-28,86,Finished Goods,322.69
PRD-00140,VEN-0143,Epsilon Trading #143,209.84,2023-07-28,86,Finished Goods,142.63
PRD-00035,VEN-0143,Epsilon Trading #143,57.37,2023-07-28,86,Raw Materials,47.62
PRD-00362,VEN-0143,Epsilon Trading #143,12.25,2023-07-28,86,Consumables,9.74
PRD-00478,VEN-0021,Sigma Supplies #21,25.35,2023-07-27,100,Consumables,17.05
PRD-00208,VEN-0021,Sigma Supplies #21,620.35,2023-07-27,100,Finished Goods,513.93
PRD-00100,VEN-0021,Sigma Supplies #21,85.16,2023-07-27,100,Raw Materials,70.36
PRD-00310,VEN-0021,Sigma Supplies #21,41.09,2023-07-27,100,Components,29.17
PRD-00209,VEN-0021,Sigma Supplies #21,743.49,2023-07-27,100,Finished Goods,542.72
PRD-00305,VEN-0080,Alpha Trading #80,46.55,2023-07-20,90,Components,33.37
PRD-00431,VEN-0049,Beta Materials #49,4.27,2023-07-19,99,Consumables,2.94
PRD-00170,VEN-0099,Beta Corp #99,459.76,2023-07-18,90,Finished Goods,338.47
PRD-00475,VEN-0099,Beta Corp #99,19.3,2023-07-18,90,Consumables,14.58
PRD-00466,VEN-0099,Beta Corp #99,23.98,2023-07-18,90,Consumables,16.89
PRD-00441,VEN-0099,Beta Corp #99,4.17,2023-07-18,90,Consumables,2.99
PRD-00358,VEN-0099,Beta Corp #99,93.85,2023-07-18,90,Components,70.18
PRD-00198,VEN-0178,Lambda Components #178,502.12,2023-07-14,74,Finished Goods,336.02
PRD-00330,VEN-0178,Lambda Components #178,47.68,2023-07-14,74,Components,36.4
PRD-00276,VEN-0178,Lambda Components #178,0.78,2023-07-14,74,Components,0.53
PRD-00363,VEN-0178,Lambda Components #178,18.69,2023-07-14,74,Consumables,14.02
PRD-00260,VEN-0135,Epsilon International #135,8.22,2023-07-11,95,Components,5.66
PRD-00163,VEN-0135,Epsilon International #135,426.41,2023-07-11,95,Finished Goods,310.78
PRD-00033,VEN-0119,Gamma Inc #119,59.86,2023-07-07,90,Raw Materials,46.33
PRD-00372,VEN-0119,Gamma Inc #119,14.9,2023-07-07,90,Consumables,10.96
PRD-00290,VEN-0119,Gamma Inc #119,40.71,2023-07-07,90,Components,27.83
PRD-00276,VEN-0119,Gamma Inc #119,0.79,2023-07-07,90,Components,0.53
PRD-00209,VEN-0036,Delta Supplies #36,760.49,2023-07-05,97,Finished Goods,542.72
PRD-00149,VEN-0036,Delta Supplies #36,215.26,2023-07-05,97,Finished Goods,178.75
PRD-00235,VEN-0036,Delta Supplies #36,1078.42,2023-07-05,97,Finished Goods,733.78
PRD-00234,VEN-0094,Gamma Trading #94,966.6,2023-06-27,94,Finished Goods,688.49
PRD-00433,VEN-0094,Gamma Trading #94,3.91,2023-06-27,94,Consumables,2.89
PRD-00225,VEN-0094,Gamma Trading #94,949.61,2023-06-27,94,Finished Goods,648.38
PRD-00251,VEN-0096,Lambda Inc #96,7.81,2023-06-26,88,Components,5.77
PRD-00349,VEN-0096,Lambda Inc #96,98.68,2023-06-26,88,Components,72.65
PRD-00237,VEN-0053,Zeta Group #53,904.05,2023-06-23,98,Finished Goods,717.72
PRD-00224,VEN-0111,Zeta Industries #111,890.53,2023-06-20,92,Finished Goods,621.36
PRD-00149,VEN-0081,Kappa Corp #81,243.42,2023-06-16,89,Finished Goods,178.75
PRD-00108,VEN-0081,Kappa Corp #81,46.54,2023-06-16,89,Raw Materials,33.62
PRD-00391,VEN-0081,Kappa Corp #81,12.04,2023-06-16,89,Consumables,9.75
PRD-00232,VEN-0081,Kappa Corp #81,870.48,2023-06-16,89,Finished Goods,724.04
PRD-00083,VEN-0116,Lambda Ltd #116,164.02,2023-06-06,90,Raw Materials,126.32
PRD-00259,VEN-0116,Lambda Ltd #116,8.09,2023-06-06,90,Components,5.54
PRD-00317,VEN-0116,Lambda Ltd #116,56.25,2023-06-06,90,Components,39.66
PRD-00294,VEN-0116,Lambda Ltd #116,31.0,2023-06-06,90,Components,20.86
PRD-00007,VEN-0116,Lambda Ltd #116,27.45,2023-06-06,90,Raw Materials,22.46
PRD-00135,VEN-0045,Zeta Industries #45,187.13,2023-06-02,99,Finished Goods,130.44
PRD-00382,VEN-0045,Zeta Industries #45,17.44,2023-06-02,99,Consumables,12.76
PRD-00157,VEN-0045,Zeta Industries #45,273.99,2023-06-02,99,Finished Goods,190.25
PRD-00419,VEN-0045,Zeta Industries #45,10.91,2023-06-02,99,Consumables,7.66
PRD-00249,VEN-0045,Zeta Industries #45,6.73,2023-06-02,99,Components,4.78
PRD-00073,VEN-0199,Lambda Corp #199,19.92,2023-05-17,74,Raw Materials,16.48
PRD-00413,VEN-0199,Lambda Corp #199,11.11,2023-05-17,74,Consumables,9.23
PRD-00456,VEN-0113,Lambda International #113,19.53,2023-05-16,91,Consumables,15.45
PRD-00068,VEN-0113,Lambda International #113,26.08,2023-05-16,91,Raw Materials,19.71
PRD-00394,VEN-0113,Lambda International #113,9.11,2023-05-16,91,Consumables,7.41
PRD-00166,VEN-0111,Zeta Industries #111,441.8,2023-05-08,92,Finished Goods,331.43
PRD-00443,VEN-0111,Zeta Industries #111,4.37,2023-05-08,92,Consumables,3.56
PRD-00056,VEN-0111,Zeta Industries #111,24.37,2023-05-08,92,Raw Materials,16.97
PRD-00042,VEN-0111,Zeta Industries #111,62.05,2023-05-08,92,Raw Materials,44.86
PRD-00285,VEN-0087,Kappa Trading #87,34.12,2023-05-03,85,Components,26.98
PRD-00071,VEN-0087,Kappa Trading #87,26.0,2023-05-03,85,Raw Materials,19.87
PRD-00406,VEN-0087,Kappa Trading #87,16.53,2023-05-03,85,Consumables,9.21
PRD-00085,VEN-0087,Kappa Trading #87,160.49,2023-05-03,85,Raw Materials,115.19
PRD-00195,VEN-0086,Epsilon Industries #86,528.17,2023-04-24,94,Finished Goods,395.4
PRD-00345,VEN-0086,Epsilon Industries #86,81.99,2023-04-24,94,Components,63.18
PRD-00105,VEN-0086,Epsilon Industries #86,119.17,2023-04-24,94,Raw Materials,82.45
PRD-00134,VEN-0086,Epsilon Industries #86,223.83,2023-04-24,94,Finished Goods,166.81
PRD-00003,VEN-0086,Epsilon Industries #86,36.85,2023-04-24,94,Raw Materials,25.16
PRD-00384,VEN-0161,Eta Group #161,13.82,2023-04-10,72,Consumables,11.25
PRD-00426,VEN-0161,Eta Group #161,3.73,2023-04-10,72,Consumables,3.05
PRD-00348,VEN-0161,Eta Group #161,73.56,2023-04-10,72,Components,54.71
PRD-00138,VEN-0161,Eta Group #161,183.68,2023-04-10,72,Finished Goods,123.64
PRD-00295,VEN-0161,Eta Group #161,36.84,2023-04-10,72,Components,25.84
PRD-00007,VEN-0149,Epsilon International #149,28.01,2023-04-07,88,Raw Materials,22.46
PRD-00178,VEN-0149,Epsilon International #149,515.38,2023-04-07,88,Finished Goods,417.13
PRD-00407,VEN-0149,Epsilon International #149,8.7,2023-04-07,88,Consumables,7.22
PRD-00071,VEN-0016,Gamma Components #16,29.41,2023-04-04,95,Raw Materials,19.87
PRD-00229,VEN-0016,Gamma Components #16,1076.34,2023-04-04,95,Finished Goods,816.92
PRD-00006,VEN-0016,Gamma Components #16,34.72,2023-04-04,95,Raw Materials,26.57
PRD-00274,VEN-0142,Lambda International #142,0.54,2023-03-24,93,Components,0.42
PRD-00109,VEN-0142,Lambda International #142,48.53,2023-03-24,93,Raw Materials,35.35
PRD-00309,VEN-0064,Epsilon Ltd #64,55.7,2023-03-22,90,Components,41.11
PRD-00287,VEN-0064,Epsilon Ltd #64,27.09,2023-03-22,90,Components,22.48
PRD-00326,VEN-0064,Epsilon Ltd #64,69.59,2023-03-22,90,Components,46.86
PRD-00182,VEN-0185,Iota Inc #185,494.97,2023-03-03,76,Finished Goods,389.09
PRD-00239,VEN-0185,Iota Inc #185,960.08,2023-03-03,76,Finished Goods,690.51
PRD-00029,VEN-0185,Iota Inc #185,38.54,2023-03-03,76,Raw Materials,30.69
PRD-00297,VEN-0175,Epsilon Industries #175,38.0,2023-02-20,83,Components,27.45
PRD-00184,VEN-0175,Epsilon Industries #175,633.54,2023-02-20,83,Finished Goods,439.07
PRD-00169,VEN-0175,Epsilon Industries #175,458.51,2023-02-20,83,Finished Goods,312.96
PRD-00232,VEN-0175,Epsilon Industries #175,1076.28,2023-02-20,83,Finished Goods,724.04
PRD-00083,VEN-0175,Epsilon Industries #175,176.52,2023-02-20,83,Raw Materials,126.32
PRD-00364,VEN-0030,Delta Inc #30,17.47,2023-02-13,97,Consumables,13.29
PRD-00348,VEN-0070,Beta Supplies #70,72.5,2023-02-10,92,Components,54.71
PRD-00246,VEN-0021,Sigma Supplies #21,7.67,2023-02-09,100,Components,5.76
PRD-00165,VEN-0021,Sigma Supplies #21,380.41,2023-02-09,100,Finished Goods,311.79
PRD-00213,VEN-0021,Sigma Supplies #21,790.72,2023-02-09,100,Finished Goods,620.66
PRD-00044,VEN-0021,Sigma Supplies #21,65.81,2023-02-09,100,Raw Materials,44.07
PRD-00320,VEN-0050,Kappa Group #50,38.91,2023-02-06,99,Components,31.39
PRD-00268,VEN-0050,Kappa Group #50,0.68,2023-02-06,99,Components,0.53
PRD-00005,VEN-0050,Kappa Group #50,35.87,2023-02-06,99,Raw Materials,29.12
PRD-00269,VEN-0050,Kappa Group #50,0.78,2023-02-06,99,Components,0.53
PRD-00349,VEN-0050,Kappa Group #50,98.03,2023-02-06,99,Components,72.65
PRD-00052,VEN-0027,Gamma Components #27,17.0,2023-01-31,100,Raw Materials,13.79
PRD-00109,VEN-0028,Iota Trading #28,47.07,2023-01-27,98,Raw Materials,35.35
PRD-00471,VEN-0145,Delta Inc #145,22.8,2023-01-25,95,Consumables,15.9
PRD-00120,VEN-0145,Delta Inc #145,42.9,2023-01-25,95,Raw Materials,32.09
PRD-00062,VEN-0145,Delta Inc #145,24.69,2023-01-25,95,Raw Materials,17.65
PRD-00171,VEN-0121,Gamma Ltd #121,458.86,2023-01-16,86,Finished Goods,357.66
PRD-00274,VEN-0121,Gamma Ltd #121,0.61,2023-01-16,86,Components,0.42
PRD-00441,VEN-0121,Gamma Ltd #121,3.81,2023-01-16,86,Consumables,2.99
PRD-00052,VEN-0121,Gamma Ltd #121,19.17,2023-01-16,86,Raw Materials,13.79
PRD-00116,VEN-0063,Delta Ltd #63,39.54,2022-12-29,95,Raw Materials,29.72
PRD-00465,VEN-0063,Delta Ltd #63,22.81,2022-12-29,95,Consumables,16.95
PRD-00464,VEN-0063,Delta Ltd #63,18.55,2022-12-29,95,Consumables,13.26
PRD-00019,VEN-0063,Delta Ltd #63,41.43,2022-12-29,95,Raw Materials,32.36
PRD-00404,VEN-0073,Lambda Ltd #73,10.6,2022-12-28,89,Consumables,8.83
PRD-00248,VEN-0146,Gamma International #146,7.7,2022-12-19,89,Components,5.62
PRD-00290,VEN-0146,Gamma International #146,39.62,2022-12-19,89,Components,27.83
PRD-00116,VEN-0146,Gamma International #146,39.66,2022-12-19,89,Raw Materials,29.72
PRD-00202,VEN-0146,Gamma International #146,699.64,2022-12-19,89,Finished Goods,502.22
PRD-00049,VEN-0146,Gamma International #146,20.71,2022-12-19,89,Raw Materials,14.31
PRD-00392,VEN-0194,Epsilon Industries #194,9.76,2022-12-08,73,Consumables,7.96
PRD-00142,VEN-0081,Kappa Corp #81,337.39,2022-12-06,89,Finished Goods,231.97
PRD-00007,VEN-0081,Kappa Corp #81,30.45,2022-12-06,89,Raw Materials,22.46
PRD-00464,VEN-0081,Kappa Corp #81,16.61,2022-12-06,89,Consumables,13.26
PRD-00107,VEN-0081,Kappa Corp #81,52.51,2022-12-06,89,Raw Materials,36.23
PRD-00058,VEN-0133,Beta Group #133,18.39,2022-11-04,91,Raw Materials,12.41
PRD-00121,VEN-0133,Beta Group #133,244.15,2022-11-04,91,Finished Goods,163.78
PRD-00242,VEN-0119,Gamma Inc #119,6.07,2022-10-24,90,Components,4.62
PRD-00094,VEN-0119,Gamma Inc #119,126.04,2022-10-24,90,Raw Materials,91.35
PRD-00223,VEN-0119,Gamma Inc #119,846.94,2022-10-24,90,Finished Goods,608.28
PRD-00044,VEN-0119,Gamma Inc #119,61.5,2022-10-24,90,Raw Materials,44.07
PRD-00389,VEN-0167,Beta Ltd #167,13.75,2022-10-21,72,Consumables,10.33
PRD-00396,VEN-0199,Lambda Corp #199,12.99,2022-09-27,74,Consumables,9.04
PRD-00408,VEN-0199,Lambda Corp #199,11.07,2022-09-27,74,Consumables,8.3
PRD-00326,VEN-0199,Lambda Corp #199,56.68,2022-09-27,74,Components,46.86
PRD-00163,VEN-0199,Lambda Corp #199,399.59,2022-09-27,74,Finished Goods,310.78
PRD-00260,VEN-0092,Zeta Trading #92,8.36,2022-09-20,86,Components,5.66
PRD-00371,VEN-0092,Zeta Trading #92,18.21,2022-09-20,86,Consumables,12.78
PRD-00339,VEN-0092,Zeta Trading #92,54.17,2022-09-20,86,Components,40.68
PRD-00356,VEN-0092,Zeta Trading #92,96.43,2022-09-20,86,Components,72.01
PRD-00244,VEN-0163,Eta Industries #163,8.25,2022-08-29,77,Components,5.55
PRD-00319,VEN-0163,Eta Industries #163,47.81,2022-08-29,77,Components,33.82
PRD-00451,VEN-0163,Eta Industries #163,3.82,2022-08-29,77,Consumables,3.07
PRD-00190,VEN-0130,Theta Industries #130,515.46,2022-08-04,92,Finished Goods,427.23
PRD-00349,VEN-0130,Theta Industries #130,98.25,2022-08-04,92,Components,72.65
PRD-00261,VEN-0130,Theta Industries #130,0.51,2022-08-04,92,Components,0.42
PRD-00392,VEN-0130,Theta Industries #130,11.83,2022-08-04,92,Consumables,7.96
PRD-00180,VEN-0116,Lambda Ltd #116,498.61,2022-08-01,90,Finished Goods,395.95
PRD-00102,VEN-0166,Iota Corp #166,111.51,2022-07-26,79,Raw Materials,90.52
PRD-00164,VEN-0166,Iota Corp #166,549.61,2022-07-26,79,Finished Goods,376.48
PRD-00465,VEN-0146,Gamma International #146,21.56,2022-07-19,89,Consumables,16.95
PRD-00119,VEN-0049,Beta Materials #49,52.36,2022-07-18,99,Raw Materials,41.2
PRD-00347,VEN-0049,Beta Materials #49,79.92,2022-07-18,99,Components,54.79
PRD-00476,VEN-0123,Iota International #123,21.16,2022-07-01,91,Consumables,15.48
PRD-00214,VEN-0123,Iota International #123,846.16,2022-07-01,91,Finished Goods,649.68
PRD-00403,VEN-0123,Iota International #123,10.03,2022-07-01,91,Consumables,8.02
PRD-00184,VEN-0123,Iota International #123,589.96,2022-07-01,91,Finished Goods,439.07
PRD-00370,VEN-0123,Iota International #123,18.86,2022-07-01,91,Consumables,13.06
PRD-00156,VEN-0164,Theta Components #164,229.77,2022-06-27,78,Finished Goods,176.76
PRD-00046,VEN-0062,Delta Corp #62,22.77,2022-06-09,93,Raw Materials,16.49
PRD-00171,VEN-0062,Delta Corp #62,526.75,2022-06-09,93,Finished Goods,357.66
PRD-00287,VEN-0062,Delta Corp #62,27.55,2022-06-09,93,Components,22.48
PRD-00381,VEN-0059,Lambda Group #59,18.23,2022-05-24,99,Consumables,12.25
PRD-00159,VEN-0059,Lambda Group #59,275.13,2022-05-24,99,Finished Goods,204.7
PRD-00014,VEN-0059,Lambda Group #59,39.82,2022-05-24,99,Raw Materials,29.47
PRD-00334,VEN-0113,Lambda International #113,52.45,2022-05-13,91,Components,39.23
PRD-00185,VEN-0113,Lambda International #113,541.95,2022-05-13,91,Finished Goods,410.07
PRD-00432,VEN-0113,Lambda International #113,3.21,2022-05-13,91,Consumables,2.47
PRD-00433,VEN-0041,Epsilon Industries #41,3.82,2022-05-06,96,Consumables,2.89
PRD-00280,VEN-0041,Epsilon Industries #41,0.81,2022-05-06,96,Components,0.55
PRD-00383,VEN-0191,Epsilon Ltd #191,18.89,2022-05-03,75,Consumables,13.12
PRD-00414,VEN-0191,Epsilon Ltd #191,8.93,2022-05-03,75,Consumables,7.1
PRD-00124,VEN-0002,Kappa Components #2,193.86,2022-04-18,97,Finished Goods,139.16
PRD-00409,VEN-0002,Kappa Components #2,9.21,2022-04-18,97,Consumables,6.41
PRD-00054,VEN-0021,Sigma Supplies #21,24.7,2022-04-05,100,Raw Materials,17.57
PRD-00281,VEN-0021,Sigma Supplies #21,26.26,2022-04-05,100,Components,20.42
PRD-00440,VEN-0181,Lambda Supplies #181,3.79,2022-04-04,81,Consumables,2.91
PRD-00112,VEN-0157,Kappa Corp #157,50.53,2022-03-18,90,Raw Materials,37.35
PRD-00360,VEN-0157,Kappa Corp #157,87.27,2022-03-18,90,Components,58.8
PRD-00074,VEN-0160,Delta Industries #160,21.75,2022-03-11,91,Raw Materials,16.98
PRD-00150,VEN-0160,Delta Industries #160,239.12,2022-03-11,91,Finished Goods,187.34
PRD-00361,VEN-0160,Delta Industries #160,14.06,2022-03-11,91,Consumables,10.59
PRD-00258,VEN-0160,Delta Industries #160,6.6,2022-03-11,91,Components,4.66
PRD-00411,VEN-0160,Delta Industries #160,11.61,2022-03-11,91,Consumables,8.89
PRD-00431,VEN-0003,Sigma Corp #3,3.93,2022-02-28,97,Consumables,2.94
PRD-00447,VEN-0003,Sigma Corp #3,4.06,2022-02-28,97,Consumables,3.04
PRD-00073,VEN-0003,Sigma Corp #3,20.24,2022-02-28,97,Raw Materials,16.48
PRD-00267,VEN-0164,Theta Components #164,0.82,2022-02-14,78,Components,0.58
PRD-00343,VEN-0164,Theta Components #164,77.28,2022-02-14,78,Components,61.54
PRD-00482,VEN-0076,Gamma Supplies #76,24.55,2022-02-09,94,Consumables,16.99
PRD-00055,VEN-0051,Lambda Ltd #51,21.34,2022-01-05,99,Raw Materials,14.71
PRD-00183,VEN-0051,Lambda Ltd #51,571.52,2022-01-05,99,Finished Goods,466.1
PRD-00216,VEN-0051,Lambda Ltd #51,778.47,2022-01-05,99,Finished Goods,632.23
PRD-00010,VEN-0051,Lambda Ltd #51,35.3,2022-01-05,99,Raw Materials,27.32
PRD-00090,VEN-0185,Iota Inc #185,151.91,2022-01-04,76,Raw Materials,102.03
PRD-00196,VEN-0185,Iota Inc #185,500.66,2022-01-04,76,Finished Goods,375.79
PRD-00436,VEN-0185,Iota Inc #185,3.96,2022-01-04,76,Consumables,3.13
PRD-00145,VEN-0185,Iota Inc #185,289.67,2022-01-04,76,Finished Goods,218.58
PRD-00263,VEN-0185,Iota Inc #185,0.67,2022-01-04,76,Components,0.5
PRD-00127,VEN-0003,Sigma Corp #3,256.99,2021-12-20,97,Finished Goods,174.71
PRD-00089,VEN-0003,Sigma Corp #3,150.15,2021-12-20,97,Raw Materials,104.49
PRD-00327,VEN-0003,Sigma Corp #3,61.84,2021-12-20,97,Components,42.36
PRD-00362,VEN-0132,Lambda International #132,14.5,2021-11-30,91,Consumables,9.74
PRD-00301,VEN-0132,Lambda International #132,47.0,2021-11-30,91,Components,36.66
PRD-00400,VEN-0132,Lambda International #132,10.59,2021-11-30,91,Consumables,8.0
PRD-00210,VEN-0024,Alpha Corp #24,760.64,2021-11-04,98,Finished Goods,528.84
PRD-00473,VEN-0024,Alpha Corp #24,25.16,2021-11-04,98,Consumables,17.28
PRD-00082,VEN-0024,Alpha Corp #24,130.78,2021-11-04,98,Raw Materials,96.87
PRD-00123,VEN-0024,Alpha Corp #24,179.21,2021-11-04,98,Finished Goods,140.06
PRD-00002,VEN-0024,Alpha Corp #24,30.42,2021-10-26,98,Raw Materials,24.32
PRD-00166,VEN-0024,Alpha Corp #24,415.0,2021-10-26,98,Finished Goods,331.43
PRD-00017,VEN-0024,Alpha Corp #24,37.69,2021-10-26,98,Raw Materials,28.52
PRD-00263,VEN-0024,Alpha Corp #24,0.66,2021-10-26,98,Components,0.5
PRD-00091,VEN-0096,Lambda Inc #96,123.6,2021-10-25,88,Raw Materials,93.46
PRD-00101,VEN-0096,Lambda Inc #96,108.3,2021-10-25,88,Raw Materials,75.22
PRD-00145,VEN-0096,Lambda Inc #96,288.49,2021-10-25,88,Finished Goods,218.58
PRD-00176,VEN-0124,Kappa International #124,417.28,2021-10-21,86,Finished Goods,334.26
PRD-00433,VEN-0124,Kappa International #124,4.22,2021-10-21,86,Consumables,2.89
PRD-00126,VEN-0124,Kappa International #124,181.86,2021-10-21,86,Finished Goods,132.0
PRD-00019,VEN-0183,Eta Corp #183,40.63,2021-10-19,84,Raw Materials,32.36
PRD-00223,VEN-0183,Eta Corp #183,791.73,2021-10-19,84,Finished Goods,608.28
PRD-00254,VEN-0183,Eta Corp #183,6.61,2021-10-19,84,Components,4.78
PRD-00304,VEN-0183,Eta Corp #183,49.22,2021-10-19,84,Components,35.3
PRD-00433,VEN-0194,Epsilon Industries #194,4.12,2021-10-08,73,Consumables,2.89
PRD-00341,VEN-0194,Epsilon Industries #194,100.86,2021-10-08,73,Components,77.95
PRD-00284,VEN-0194,Epsilon Industries #194,30.46,2021-10-08,73,Components,24.2
PRD-00282,VEN-0194,Epsilon Industries #194,41.0,2021-10-08,73,Components,28.22
PRD-00204,VEN-0124,Kappa International #124,790.95,2021-08-26,86,Finished Goods,550.46
PRD-00282,VEN-0124,Kappa International #124,35.78,2021-08-26,86,Components,28.22
PRD-00289,VEN-0082,Epsilon Trading #82,33.81,2021-08-09,95,Components,20.75
PRD-00051,VEN-0089,Kappa International #89,15.92,2021-08-05,91,Raw Materials,13.19
PRD-00119,VEN-0089,Kappa International #89,51.9,2021-08-05,91,Raw Materials,41.2
PRD-00301,VEN-0089,Kappa International #89,50.2,2021-08-05,91,Components,36.66
PRD-00195,VEN-0128,Theta Supplies #128,536.5,2021-07-27,90,Finished Goods,395.4
PRD-00200,VEN-0128,Theta Supplies #128,489.94,2021-07-27,90,Finished Goods,377.36
PRD-00174,VEN-0128,Theta Supplies #128,522.2,2021-07-27,90,Finished Goods,401.67
PRD-00376,VEN-0128,Theta Supplies #128,12.04,2021-07-27,90,Consumables,9.7
PRD-00230,VEN-0128,Theta Supplies #128,1153.5,2021-07-27,90,Finished Goods,815.44
PRD-00007,VEN-0089,Kappa International #89,29.7,2021-07-08,91,Raw Materials,22.46
PRD-00246,VEN-0089,Kappa International #89,7.53,2021-07-08,91,Components,5.76
PRD-00137,VEN-0089,Kappa International #89,195.58,2021-07-08,91,Finished Goods,140.31
PRD-00151,VEN-0089,Kappa International #89,262.12,2021-07-08,91,Finished Goods,198.22
PRD-00214,VEN-0138,Zeta Materials #138,948.47,2021-07-05,86,Finished Goods,649.68
PRD-00040,VEN-0138,Zeta Materials #138,64.92,2021-07-05,86,Raw Materials,45.75
PRD-00346,VEN-0122,Zeta Industries #122,80.3,2021-07-02,94,Components,55.74
PRD-00104,VEN-0122,Zeta Industries #122,89.33,2021-07-02,94,Raw Materials,71.24
PRD-00050,VEN-0122,Zeta Industries #122,16.9,2021-07-02,94,Raw Materials,13.51
PRD-00042,VEN-0122,Zeta Industries #122,54.76,2021-07-02,94,Raw Materials,44.86
PRD-00150,VEN-0165,Lambda Inc #165,236.54,2021-06-07,85,Finished Goods,187.34
PRD-00423,VEN-0165,Lambda Inc #165,4.7,2021-06-07,85,Consumables,3.34
PRD-00130,VEN-0165,Lambda Inc #165,159.77,2021-06-07,85,Finished Goods,128.18
PRD-00149,VEN-0165,Lambda Inc #165,252.79,2021-06-07,85,Finished Goods,178.75
PRD-00344,VEN-0165,Lambda Inc #165,94.1,2021-06-07,85,Components,69.1
PRD-00315,VEN-0186,Epsilon Supplies #186,37.08,2021-05-27,77,Components,29.39
PRD-00338,VEN-0038,Beta Ltd #38,52.17,2021-05-24,96,Components,42.53
PRD-00246,VEN-0038,Beta Ltd #38,7.54,2021-05-24,96,Components,5.76
PRD-00084,VEN-0038,Beta Ltd #38,170.46,2021-05-24,96,Raw Materials,123.05
PRD-00019,VEN-0038,Beta Ltd #38,39.35,2021-05-24,96,Raw Materials,32.36
PRD-00179,VEN-0196,Theta Group #196,408.69,2021-05-21,84,Finished Goods,322.3
PRD-00044,VEN-0196,Theta Group #196,64.44,2021-05-21,84,Raw Materials,44.07
PRD-00366,VEN-0196,Theta Group #196,15.98,2021-05-21,84,Consumables,11.29
PRD-00414,VEN-0196,Theta Group #196,9.86,2021-05-21,84,Consumables,7.1
PRD-00120,VEN-0001,Kappa Industries #1,42.35,2021-05-10,96,Raw Materials,32.09
PRD-00009,VEN-0099,Beta Corp #99,34.73,2021-04-13,90,Raw Materials,23.9
PRD-00396,VEN-0191,Epsilon Ltd #191,12.86,2021-04-02,75,Consumables,9.04
PRD-00322,VEN-0191,Epsilon Ltd #191,53.48,2021-04-02,75,Components,43.26
PRD-00098,VEN-0191,Epsilon Ltd #191,89.76,2021-04-02,75,Raw Materials,68.44
PRD-00264,VEN-0191,Epsilon Ltd #191,0.59,2021-04-02,75,Components,0.41
PRD-00394,VEN-0041,Epsilon Industries #41,9.62,2021-03-30,96,Consumables,7.41
PRD-00322,VEN-0020,Iota Industries #20,54.13,2021-03-24,100,Components,43.26
PRD-00190,VEN-0068,Alpha Group #68,629.03,2021-03-01,93,Finished Goods,427.23
PRD-00296,VEN-0068,Alpha Group #68,32.71,2021-03-01,93,Components,26.83
PRD-00307,VEN-0068,Alpha Group #68,48.61,2021-03-01,93,Components,35.09
PRD-00096,VEN-0068,Alpha Group #68,110.91,2021-03-01,93,Raw Materials,82.6
PRD-00274,VEN-0068,Alpha Group #68,0.54,2021-03-01,93,Components,0.42
PRD-00353,VEN-0064,Epsilon Ltd #64,72.81,2021-02-12,90,Components,54.32
PRD-00318,VEN-0079,Sigma Group #79,41.28,2021-02-11,95,Components,29.46
PRD-00221,VEN-0079,Sigma Group #79,1202.4,2021-02-11,95,Finished Goods,860.56
PRD-00151,VEN-0079,Sigma Group #79,257.71,2021-02-11,95,Finished Goods,198.22
PRD-00376,VEN-0127,Iota Components #127,12.82,2021-02-10,87,Consumables,9.7
PRD-00057,VEN-0127,Iota Components #127,22.21,2021-02-10,87,Raw Materials,15.45
PRD-00384,VEN-0127,Iota Components #127,15.38,2021-02-10,87,Consumables,11.25
PRD-00136,VEN-0127,Iota Components #127,189.63,2021-02-10,87,Finished Goods,154.85
PRD-00324,VEN-0127,Iota Components #127,61.18,2021-02-10,87,Components,42.34
PRD-00198,VEN-0036,Delta Supplies #36,452.98,2021-02-09,97,Finished Goods,336.02
PRD-00478,VEN-0007,Zeta Industries #7,25.32,2021-02-08,97,Consumables,17.05
PRD-00472,VEN-0007,Zeta Industries #7,19.1,2021-02-08,97,Consumables,14.1
PRD-00300,VEN-0097,Epsilon Group #97,40.93,2021-01-26,94,Components,28.03
PRD-00104,VEN-0184,Delta Industries #184,101.33,2021-01-25,83,Raw Materials,71.24
PRD-00312,VEN-0184,Delta Industries #184,60.22,2021-01-25,83,Components,41.86
PRD-00126,VEN-0184,Delta Industries #184,187.63,2021-01-25,83,Finished Goods,132.0
PRD-00082,VEN-0058,Epsilon Corp #58,129.8,2021-01-12,95,Raw Materials,96.87
PRD-00396,VEN-0058,Epsilon Corp #58,13.26,2021-01-12,95,Consumables,9.04
PRD-00161,VEN-0058,Epsilon Corp #58,483.0,2021-01-12,95,Finished Goods,322.69
PRD-00196,VEN-0101,Kappa Trading #101,491.76,2021-01-07,87,Finished Goods,375.79
PRD-00179,VEN-0101,Kappa Trading #101,456.65,2021-01-07,87,Finished Goods,322.3
PRD-00273,VEN-0101,Kappa Trading #101,0.6,2021-01-07,87,Components,0.45
PRD-00080,VEN-0101,Kappa Trading #101,180.17,2021-01-07,87,Raw Materials,137.31
PRD-00342,VEN-0101,Kappa Trading #101,68.68,2021-01-07,87,Components,56.02
PRD-00216,VEN-0165,Lambda Inc #165,903.26,2021-01-04,85,Finished Goods,632.23
PRD-00096,VEN-0165,Lambda Inc #165,113.76,2021-01-04,85,Raw Materials,82.6
PRD-00259,VEN-0165,Lambda Inc #165,7.76,2021-01-04,85,Components,5.54
PRD-00090,VEN-0165,Lambda Inc #165,142.81,2021-01-04,85,Raw Materials,102.03
PRD-00323,VEN-0165,Lambda Inc #165,67.5,2021-01-04,85,Components,45.71
PRD-00270,VEN-0199,Lambda Corp #199,0.75,2021-01-01,74,Components,0.57
PRD-00330,VEN-0199,Lambda Corp #199,49.01,2021-01-01,74,Components,36.4
PRD-00436,VEN-0199,Lambda Corp #199,4.67,2021-01-01,74,Consumables,3.13
PRD-00287,VEN-0199,Lambda Corp #199,33.42,2021-01-01,74,Components,22.48
PRD-00109,VEN-0199,Lambda Corp #199,44.28,2021-01-01,74,Raw Materials,35.35
PRD-00106,VEN-0097,Epsilon Group #97,53.82,2020-12-29,94,Raw Materials,39.04
PRD-00165,VEN-0097,Epsilon Group #97,379.57,2020-12-29,94,Finished Goods,311.79
PRD-00306,VEN-0097,Epsilon Group #97,53.07,2020-12-29,94,Components,42.0
PRD-00079,VEN-0097,Epsilon Group #97,125.42,2020-12-29,94,Raw Materials,97.86
PRD-00037,VEN-0108,Zeta Materials #108,59.85,2020-12-22,94,Raw Materials,41.75
PRD-00303,VEN-0108,Zeta Materials #108,34.42,2020-12-22,94,Components,28.6
PRD-00362,VEN-0108,Zeta Materials #108,14.59,2020-12-22,94,Consumables,9.74
PRD-00379,VEN-0040,Delta Group #40,18.06,2020-12-17,99,Consumables,11.36
PRD-00288,VEN-0040,Delta Group #40,29.55,2020-12-17,99,Components,20.48
PRD-00329,VEN-0040,Delta Group #40,54.57,2020-12-17,99,Components,43.03
PRD-00176,VEN-0128,Theta Supplies #128,418.87,2020-12-15,90,Finished Goods,334.26
PRD-00476,VEN-0128,Theta Supplies #128,19.28,2020-12-15,90,Consumables,15.48
PRD-00149,VEN-0128,Theta Supplies #128,266.81,2020-12-15,90,Finished Goods,178.75
PRD-00147,VEN-0111,Zeta Industries #111,290.26,2020-12-08,92,Finished Goods,236.11
PRD-00413,VEN-0111,Zeta Industries #111,11.66,2020-12-08,92,Consumables,9.23
PRD-00273,VEN-0164,Theta Components #164,0.62,2020-12-04,78,Components,0.45
PRD-00387,VEN-0164,Theta Components #164,16.28,2020-12-04,78,Consumables,12.01
PRD-00198,VEN-0052,Sigma Components #52,462.94,2020-11-17,97,Finished Goods,336.02
PRD-00413,VEN-0052,Sigma Components #52,11.71,2020-11-17,97,Consumables,9.23
PRD-00128,VEN-0052,Sigma Components #52,192.64,2020-11-17,97,Finished Goods,144.32
PRD-00285,VEN-0052,Sigma Components #52,34.61,2020-11-17,97,Components,26.98
PRD-00165,VEN-0071,Beta Supplies #71,460.39,2020-11-04,91,Finished Goods,311.79
PRD-00044,VEN-0071,Beta Supplies #71,55.11,2020-11-04,91,Raw Materials,44.07
PRD-00303,VEN-0071,Beta Supplies #71,42.16,2020-11-04,91,Components,28.6
PRD-00258,VEN-0071,Beta Supplies #71,6.03,2020-11-04,91,Components,4.66
PRD-00041,VEN-0156,Delta Group #156,62.95,2020-10-29,91,Raw Materials,48.69
PRD-00374,VEN-0156,Delta Group #156,20.51,2020-10-29,91,Consumables,14.02
PRD-00080,VEN-0156,Delta Group #156,184.9,2020-10-29,91,Raw Materials,137.31
PRD-00013,VEN-0156,Delta Group #156,37.76,2020-10-29,91,Raw Materials,27.06
PRD-00004,VEN-0063,Delta Ltd #63,42.51,2020-10-20,95,Raw Materials,28.88
PRD-00149,VEN-0095,Iota Components #95,259.18,2020-10-16,87,Finished Goods,178.75
PRD-00129,VEN-0095,Iota Components #95,224.67,2020-10-16,87,Finished Goods,172.27
PRD-00079,VEN-0151,Zeta Components #151,122.53,2020-10-14,88,Raw Materials,97.86
PRD-00463,VEN-0151,Zeta Components #151,20.02,2020-10-14,88,Consumables,15.51
PRD-00089,VEN-0151,Zeta Components #151,126.67,2020-10-14,88,Raw Materials,104.49
PRD-00135,VEN-0151,Zeta Components #151,167.56,2020-10-14,88,Finished Goods,130.44
PRD-00239,VEN-0127,Iota Components #127,897.38,2020-10-13,87,Finished Goods,690.51
PRD-00340,VEN-0127,Iota Components #127,61.88,2020-10-13,87,Components,46.21
PRD-00182,VEN-0127,Iota Components #127,499.11,2020-10-13,87,Finished Goods,389.09
PRD-00077,VEN-0127,Iota Components #127,158.69,2020-10-13,87,Raw Materials,118.15
PRD-00026,VEN-0095,Iota Components #95,45.93,2020-10-08,87,Raw Materials,34.37
PRD-00483,VEN-0095,Iota Components #95,25.93,2020-10-08,87,Consumables,17.78
PRD-00221,VEN-0095,Iota Components #95,1046.14,2020-10-08,87,Finished Goods,860.56
PRD-00285,VEN-0105,Theta Materials #105,40.21,2020-10-06,89,Components,26.98
PRD-00470,VEN-0188,Sigma Group #188,23.45,2020-10-01,80,Consumables,17.07
PRD-00299,VEN-0188,Sigma Group #188,35.9,2020-10-01,80,Components,29.27
PRD-00441,VEN-0188,Sigma Group #188,3.97,2020-10-01,80,Consumables,2.99
PRD-00447,VEN-0037,Kappa Materials #37,4.18,2020-09-25,96,Consumables,3.04
PRD-00405,VEN-0037,Kappa Materials #37,10.05,2020-09-25,96,Consumables,7.16
PRD-00389,VEN-0005,Kappa Group #5,15.25,2020-09-22,99,Consumables,10.33
PRD-00384,VEN-0005,Kappa Group #5,13.89,2020-09-22,99,Consumables,11.25
PRD-00102,VEN-0005,Kappa Group #5,120.36,2020-09-22,99,Raw Materials,90.52
PRD-00287,VEN-0023,Delta Ltd #23,33.04,2020-09-09,97,Components,22.48
PRD-00002,VEN-0023,Delta Ltd #23,30.42,2020-09-09,97,Raw Materials,24.32
PRD-00275,VEN-0023,Delta Ltd #23,0.84,2020-09-09,97,Components,0.6
PRD-00288,VEN-0186,Epsilon Supplies #186,27.81,2020-08-28,77,Components,20.48
PRD-00107,VEN-0186,Epsilon Supplies #186,53.93,2020-08-28,77,Raw Materials,36.23
PRD-00047,VEN-0186,Epsilon Supplies #186,22.35,2020-08-28,77,Raw Materials,16.06
PRD-00032,VEN-0186,Epsilon Supplies #186,55.47,2020-08-28,77,Raw Materials,46.2
PRD-00311,VEN-0034,Gamma Industries #34,47.33,2020-08-11,97,Components,38.65
PRD-00219,VEN-0151,Zeta Components #151,823.38,2020-07-29,88,Finished Goods,574.31
PRD-00247,VEN-0189,Beta Corp #189,6.41,2020-07-20,78,Components,5.27
PRD-00424,VEN-0189,Beta Corp #189,4.03,2020-07-20,78,Consumables,2.8
PRD-00262,VEN-0189,Beta Corp #189,0.55,2020-07-20,78,Components,0.41
PRD-00330,VEN-0189,Beta Corp #189,46.85,2020-07-20,78,Components,36.4
PRD-00214,VEN-0189,Beta Corp #189,843.85,2020-07-20,78,Finished Goods,649.68
PRD-00134,VEN-0064,Epsilon Ltd #64,226.27,2020-07-17,90,Finished Goods,166.81
PRD-00098,VEN-0064,Epsilon Ltd #64,82.42,2020-07-17,90,Raw Materials,68.44
PRD-00299,VEN-0064,Epsilon Ltd #64,40.79,2020-07-17,90,Components,29.27
PRD-00111,VEN-0024,Alpha Corp #24,50.8,2020-07-14,98,Raw Materials,39.48
PRD-00090,VEN-0024,Alpha Corp #24,146.37,2020-07-14,98,Raw Materials,102.03
PRD-00009,VEN-0024,Alpha Corp #24,29.83,2020-07-14,98,Raw Materials,23.9
PRD-00255,VEN-0024,Alpha Corp #24,5.7,2020-07-14,98,Components,4.46
PRD-00058,VEN-0117,Gamma Components #117,17.97,2020-07-13,85,Raw Materials,12.41
PRD-00267,VEN-0117,Gamma Components #117,0.79,2020-07-13,85,Components,0.58
PRD-00127,VEN-0117,Gamma Components #117,223.93,2020-07-13,85,Finished Goods,174.71
PRD-00213,VEN-0009,Eta International #9,774.29,2020-06-26,95,Finished Goods,620.66
PRD-00435,VEN-0096,Lambda Inc #96,4.58,2020-06-24,88,Consumables,3.43
PRD-00249,VEN-0096,Lambda Inc #96,6.24,2020-06-24,88,Components,4.78
PRD-00027,VEN-0096,Lambda Inc #96,39.56,2020-06-24,88,Raw Materials,29.43
PRD-00138,VEN-0096,Lambda Inc #96,168.08,2020-06-24,88,Finished Goods,123.64
PRD-00261,VEN-0046,Delta Industries #46,0.58,2020-06-16,99,Components,0.42
PRD-00244,VEN-0046,Delta Industries #46,8.06,2020-06-16,99,Components,5.55
PRD-00451,VEN-0082,Epsilon Trading #82,3.86,2020-06-15,95,Consumables,3.07
PRD-00130,VEN-0082,Epsilon Trading #82,170.72,2020-06-15,95,Finished Goods,128.18
PRD-00097,VEN-0084,Eta Industries #84,117.61,2020-05-20,86,Raw Materials,91.12
PRD-00403,VEN-0084,Eta Industries #84,10.67,2020-05-20,86,Consumables,8.02
PRD-00419,VEN-0084,Eta Industries #84,9.57,2020-05-20,86,Consumables,7.66
PRD-00398,VEN-0084,Eta Industries #84,12.4,2020-05-20,86,Consumables,8.72
PRD-00063,VEN-0013,Gamma Group #13,23.13,2020-05-15,97,Raw Materials,16.67
PRD-00423,VEN-0013,Gamma Group #13,4.3,2020-05-15,97,Consumables,3.34
PRD-00100,VEN-0013,Gamma Group #13,98.22,2020-05-15,97,Raw Materials,70.36
PRD-00434,VEN-0013,Gamma Group #13,3.11,2020-05-15,97,Consumables,2.57
PRD-00391,VEN-0013,Gamma Group #13,12.88,2020-05-15,97,Consumables,9.75
PRD-00451,VEN-0187,Beta Group #187,3.85,2020-04-21,74,Consumables,3.07
PRD-00108,VEN-0187,Beta Group #187,43.03,2020-04-21,74,Raw Materials,33.62
PRD-00152,VEN-0187,Beta Group #187,262.76,2020-04-21,74,Finished Goods,182.23
PRD-00144,VEN-0187,Beta Group #187,330.16,2020-04-21,74,Finished Goods,237.6
PRD-00153,VEN-0187,Beta Group #187,268.32,2020-04-21,74,Finished Goods,190.71
PRD-00358,VEN-0119,Gamma Inc #119,87.62,2020-04-13,90,Components,70.18
PRD-00254,VEN-0024,Alpha Corp #24,7.04,2020-03-17,98,Components,4.78
PRD-00277,VEN-0024,Alpha Corp #24,0.61,2020-03-17,98,Components,0.44
PRD-00446,VEN-0024,Alpha Corp #24,3.69,2020-03-17,98,Consumables,2.8
PRD-00146,VEN-0024,Alpha Corp #24,240.19,2020-03-17,98,Finished Goods,169.1
PRD-00271,VEN-0024,Alpha Corp #24,0.71,2020-03-17,98,Components,0.56
PRD-00422,VEN-0071,Beta Supplies #71,14.13,2020-03-13,91,Consumables,9.47
PRD-00291,VEN-0071,Beta Supplies #71,36.59,2020-03-13,91,Components,25.66
PRD-00101,VEN-0006,Sigma Corp #6,99.12,2020-03-12,100,Raw Materials,75.22
PRD-00159,VEN-0093,Theta Supplies #93,269.65,2020-02-28,91,Finished Goods,204.7
PRD-00038,VEN-0068,Alpha Group #68,66.19,2020-02-17,93,Raw Materials,45.4
PRD-00413,VEN-0068,Alpha Group #68,11.61,2020-02-17,93,Consumables,9.23
PRD-00406,VEN-0068,Alpha Group #68,11.87,2020-02-17,93,Consumables,9.21
PRD-00300,VEN-0068,Alpha Group #68,34.51,2020-02-17,93,Components,28.03
PRD-00166,VEN-0117,Gamma Components #117,403.23,2020-02-12,85,Finished Goods,331.43
PRD-00218,VEN-0117,Gamma Components #117,868.18,2020-02-12,85,Finished Goods,587.7
PRD-00126,VEN-0117,Gamma Components #117,173.49,2020-02-12,85,Finished Goods,132.0
PRD-00120,VEN-0084,Eta Industries #84,42.4,2019-12-30,86,Raw Materials,32.09
PRD-00197,VEN-0084,Eta Industries #84,589.17,2019-12-30,86,Finished Goods,402.36
PRD-00140,VEN-0003,Sigma Corp #3,195.3,2019-12-27,97,Finished Goods,142.63
PRD-00009,VEN-0003,Sigma Corp #3,32.44,2019-12-27,97,Raw Materials,23.9
PRD-00365,VEN-0100,Delta Group #100,16.2,2019-12-26,95,Consumables,13.24
PRD-00047,VEN-0100,Delta Group #100,20.79,2019-12-26,95,Raw Materials,16.06
PRD-00139,VEN-0100,Delta Group #100,190.89,2019-12-26,95,Finished Goods,134.8
PRD-00366,VEN-0100,Delta Group #100,16.86,2019-12-26,95,Consumables,11.29
PRD-00355,VEN-0026,Sigma Corp #26,105.53,2019-12-20,97,Components,74.8
PRD-00413,VEN-0026,Sigma Corp #26,12.48,2019-12-20,97,Consumables,9.23
PRD-00143,VEN-0026,Sigma Corp #26,257.99,2019-12-20,97,Finished Goods,181.2
PRD-00084,VEN-0026,Sigma Corp #26,179.13,2019-12-20,97,Raw Materials,123.05
PRD-00331,VEN-0026,Sigma Corp #26,53.98,2019-12-20,97,Components,37.62
PRD-00236,VEN-0095,Iota Components #95,998.02,2019-12-12,87,Finished Goods,802.56
PRD-00306,VEN-0095,Iota Components #95,58.58,2019-12-12,87,Components,42.0
PRD-00449,VEN-0095,Iota Components #95,4.23,2019-12-12,87,Consumables,3.35
PRD-00473,VEN-0033,Alpha Group #33,20.84,2019-12-05,100,Consumables,17.28
PRD-00378,VEN-0033,Alpha Group #33,16.27,2019-12-05,100,Consumables,13.42
PRD-00362,VEN-0033,Alpha Group #33,11.89,2019-12-05,100,Consumables,9.74
PRD-00214,VEN-0033,Alpha Group #33,849.63,2019-12-05,100,Finished Goods,649.68
PRD-00227,VEN-0033,Alpha Group #33,985.8,2019-12-05,100,Finished Goods,708.34
PRD-00077,VEN-0164,Theta Components #164,160.67,2019-11-21,78,Raw Materials,118.15
PRD-00027,VEN-0164,Theta Components #164,37.52,2019-11-21,78,Raw Materials,29.43
PRD-00440,VEN-0177,Iota Ltd #177,3.54,2019-11-18,78,Consumables,2.91
PRD-00312,VEN-0179,Theta Components #179,52.42,2019-11-05,76,Components,41.86
PRD-00206,VEN-0179,Theta Components #179,714.09,2019-11-05,76,Finished Goods,488.09
PRD-00018,VEN-0179,Theta Components #179,43.22,2019-11-05,76,Raw Materials,31.59
PRD-00206,VEN-0103,Kappa International #103,642.57,2019-10-30,92,Finished Goods,488.09
PRD-00258,VEN-0103,Kappa International #103,6.64,2019-10-30,92,Components,4.66
PRD-00453,VEN-0103,Kappa International #103,3.64,2019-10-30,92,Consumables,2.55
PRD-00202,VEN-0103,Kappa International #103,728.8,2019-10-30,92,Finished Goods,502.22
PRD-00398,VEN-0033,Alpha Group #33,10.8,2019-10-16,100,Consumables,8.72
PRD-00192,VEN-0033,Alpha Group #33,631.74,2019-10-16,100,Finished Goods,440.09
PRD-00182,VEN-0033,Alpha Group #33,540.59,2019-10-16,100,Finished Goods,389.09
PRD-00445,VEN-0033,Alpha Group #33,4.67,2019-10-16,100,Consumables,3.26
PRD-00356,VEN-0033,Alpha Group #33,104.59,2019-10-16,100,Components,72.01
PRD-00339,VEN-0106,Beta Group #106,56.94,2019-10-11,89,Components,40.68
PRD-00397,VEN-0106,Beta Group #106,13.79,2019-10-11,89,Consumables,9.57
PRD-00170,VEN-0184,Delta Industries #184,421.4,2019-10-02,83,Finished Goods,338.47
PRD-00463,VEN-0184,Delta Industries #184,20.8,2019-10-02,83,Consumables,15.51
PRD-00458,VEN-0184,Delta Industries #184,20.65,2019-10-02,83,Consumables,16.81
PRD-00115,VEN-0184,Delta Industries #184,53.04,2019-10-02,83,Raw Materials,41.75
PRD-00151,VEN-0007,Zeta Industries #7,275.96,2019-09-19,97,Finished Goods,198.22
PRD-00081,VEN-0007,Zeta Industries #7,136.25,2019-09-19,97,Raw Materials,101.94
PRD-00115,VEN-0007,Zeta Industries #7,51.09,2019-09-19,97,Raw Materials,41.75
PRD-00449,VEN-0007,Zeta Industries #7,4.94,2019-09-19,97,Consumables,3.35
PRD-00455,VEN-0007,Zeta Industries #7,21.52,2019-09-19,97,Consumables,17.93
PRD-00172,VEN-0070,Beta Supplies #70,499.04,2019-09-12,92,Finished Goods,351.86
PRD-00252,VEN-0062,Delta Corp #62,7.27,2019-09-11,93,Components,5.77
PRD-00159,VEN-0062,Delta Corp #62,287.19,2019-09-11,93,Finished Goods,204.7
PRD-00462,VEN-0062,Delta Corp #62,24.39,2019-09-11,93,Consumables,17.59
PRD-00035,VEN-0137,Gamma Corp #137,71.13,2019-09-10,90,Raw Materials,47.62
PRD-00034,VEN-0137,Gamma Corp #137,67.59,2019-09-10,90,Raw Materials,51.38
PRD-00366,VEN-0137,Gamma Corp #137,14.65,2019-09-10,90,Consumables,11.29
PRD-00419,VEN-0137,Gamma Corp #137,11.01,2019-09-10,90,Consumables,7.66
PRD-00248,VEN-0137,Gamma Corp #137,6.93,2019-09-10,90,Components,5.62
PRD-00291,VEN-0083,Kappa Materials #83,37.83,2019-08-28,92,Components,25.66
PRD-00127,VEN-0083,Kappa Materials #83,237.68,2019-08-28,92,Finished Goods,174.71
PRD-00218,VEN-0080,Alpha Trading #80,872.12,2019-08-22,90,Finished Goods,587.7
PRD-00450,VEN-0080,Alpha Trading #80,4.35,2019-08-22,90,Consumables,3.47
PRD-00291,VEN-0107,Lambda Supplies #107,37.81,2019-08-05,87,Components,25.66
PRD-00027,VEN-0062,Delta Corp #62,38.15,2019-07-18,93,Raw Materials,29.43
PRD-00188,VEN-0062,Delta Corp #62,509.58,2019-07-18,93,Finished Goods,391.83
PRD-00355,VEN-0062,Delta Corp #62,105.72,2019-07-18,93,Components,74.8
PRD-00119,VEN-0062,Delta Corp #62,51.26,2019-07-18,93,Raw Materials,41.2
PRD-00207,VEN-0088,Eta Group #88,797.37,2019-06-17,92,Finished Goods,609.68
PRD-00123,VEN-0069,Kappa Industries #69,180.54,2019-04-29,95,Finished Goods,140.06
PRD-00167,VEN-0069,Kappa Industries #69,526.96,2019-04-29,95,Finished Goods,417.51
PRD-00049,VEN-0041,Epsilon Industries #41,17.66,2019-04-16,96,Raw Materials,14.31
PRD-00286,VEN-0041,Epsilon Industries #41,35.02,2019-04-16,96,Components,27.97
PRD-00236,VEN-0041,Epsilon Industries #41,1094.29,2019-04-16,96,Finished Goods,802.56
PRD-00022,VEN-0041,Epsilon Industries #41,36.94,2019-04-16,96,Raw Materials,25.07
PRD-00391,VEN-0041,Epsilon Industries #41,14.42,2019-04-16,96,Consumables,9.75
PRD-00290,VEN-0120,Zeta Corp #120,36.52,2019-04-11,95,Components,27.83
PRD-00293,VEN-0120,Zeta Corp #120,27.5,2019-04-11,95,Components,21.42
PRD-00056,VEN-0120,Zeta Corp #120,24.16,2019-04-11,95,Raw Materials,16.97
PRD-00342,VEN-0145,Delta Inc #145,67.73,2019-04-01,95,Components,56.02
PRD-00414,VEN-0145,Delta Inc #145,10.14,2019-04-01,95,Consumables,7.1
PRD-00042,VEN-0097,Epsilon Group #97,56.1,2019-03-27,94,Raw Materials,44.86
PRD-00296,VEN-0097,Epsilon Group #97,34.65,2019-03-27,94,Components,26.83
PRD-00483,VEN-0097,Epsilon Group #97,24.69,2019-03-27,94,Consumables,17.78
PRD-00136,VEN-0042,Gamma Supplies #42,227.59,2019-03-11,99,Finished Goods,154.85
PRD-00192,VEN-0042,Gamma Supplies #42,603.3,2019-03-11,99,Finished Goods,440.09
PRD-00020,VEN-0051,Lambda Ltd #51,49.19,2019-02-18,99,Raw Materials,33.98
PRD-00475,VEN-0051,Lambda Ltd #51,19.64,2019-02-18,99,Consumables,14.58
PRD-00421,VEN-0051,Lambda Ltd #51,13.44,2019-02-18,99,Consumables,8.98
PRD-00254,VEN-0027,Gamma Components #27,6.36,2019-02-11,100,Components,4.78
PRD-00333,VEN-0027,Gamma Components #27,58.13,2019-02-11,100,Components,45.82
PRD-00366,VEN-0074,Sigma Industries #74,15.42,2019-01-21,86,Consumables,11.29
PRD-00262,VEN-0074,Sigma Industries #74,0.61,2019-01-21,86,Components,0.41
PRD-00338,VEN-0177,Iota Ltd #177,59.06,2019-01-08,78,Components,42.53
PRD-00087,VEN-0177,Iota Ltd #177,184.39,2019-01-08,78,Raw Materials,137.2
PRD-00206,VEN-0177,Iota Ltd #177,661.25,2019-01-08,78,Finished Goods,488.09
PRD-00471,VEN-0114,Eta Ltd #114,22.34,2018-12-26,89,Consumables,15.9
PRD-00420,VEN-0199,Lambda Corp #199,12.1,2018-12-17,74,Consumables,9.21
PRD-00132,VEN-0199,Lambda Corp #199,231.94,2018-12-17,74,Finished Goods,155.78
PRD-00197,VEN-0199,Lambda Corp #199,552.15,2018-12-17,74,Finished Goods,402.36
PRD-00373,VEN-0199,Lambda Corp #199,17.52,2018-12-17,74,Consumables,14.35
PRD-00347,VEN-0199,Lambda Corp #199,70.28,2018-12-17,74,Components,54.79
PRD-00434,VEN-0131,Delta Components #131,3.65,2018-12-14,94,Consumables,2.57
PRD-00362,VEN-0131,Delta Components #131,13.15,2018-12-14,94,Consumables,9.74
PRD-00257,VEN-0180,Theta Ltd #180,6.4,2018-12-10,78,Components,5.28
PRD-00228,VEN-0180,Theta Ltd #180,1116.22,2018-12-10,78,Finished Goods,825.75
PRD-00367,VEN-0180,Theta Ltd #180,17.52,2018-12-10,78,Consumables,12.82
PRD-00476,VEN-0180,Theta Ltd #180,20.76,2018-12-10,78,Consumables,15.48
PRD-00207,VEN-0180,Theta Ltd #180,775.15,2018-12-10,78,Finished Goods,609.68
PRD-00017,VEN-0003,Sigma Corp #3,38.11,2018-11-21,97,Raw Materials,28.52
PRD-00351,VEN-0029,Delta Corp #29,116.06,2018-11-14,98,Components,77.48
PRD-00260,VEN-0029,Delta Corp #29,7.07,2018-11-14,98,Components,5.66
PRD-00028,VEN-0029,Delta Corp #29,48.16,2018-11-14,98,Raw Materials,33.51
PRD-00236,VEN-0155,Lambda Trading #155,1039.67,2018-10-26,92,Finished Goods,802.56
PRD-00173,VEN-0155,Lambda Trading #155,467.96,2018-10-26,92,Finished Goods,335.73
PRD-00333,VEN-0002,Kappa Components #2,62.7,2018-10-19,97,Components,45.82
PRD-00153,VEN-0002,Kappa Components #2,284.01,2018-10-19,97,Finished Goods,190.71
PRD-00369,VEN-0002,Kappa Components #2,14.36,2018-10-19,97,Consumables,10.1
PRD-00065,VEN-0002,Kappa Components #2,25.52,2018-10-19,97,Raw Materials,21.2
PRD-00472,VEN-0023,Delta Ltd #23,18.68,2018-10-12,97,Consumables,14.1
PRD-00339,VEN-0137,Gamma Corp #137,49.73,2018-09-28,90,Components,40.68
PRD-00405,VEN-0137,Gamma Corp #137,8.83,2018-09-28,90,Consumables,7.16
PRD-00120,VEN-0137,Gamma Corp #137,43.76,2018-09-28,90,Raw Materials,32.09
PRD-00302,VEN-0137,Gamma Corp #137,48.84,2018-09-28,90,Components,39.49
PRD-00204,VEN-0137,Gamma Corp #137,701.16,2018-09-28,90,Finished Goods,550.46
PRD-00247,VEN-0048,Iota Ltd #48,7.28,2018-09-17,100,Components,5.27
PRD-00266,VEN-0048,Iota Ltd #48,0.67,2018-09-17,100,Components,0.54
PRD-00276,VEN-0048,Iota Ltd #48,0.77,2018-09-17,100,Components,0.53
PRD-00088,VEN-0107,Lambda Supplies #107,171.88,2018-09-07,87,Raw Materials,123.28
PRD-00438,VEN-0107,Lambda Supplies #107,4.25,2018-09-07,87,Consumables,3.18
PRD-00358,VEN-0107,Lambda Supplies #107,90.69,2018-09-07,87,Components,70.18
PRD-00222,VEN-0107,Lambda Supplies #107,1200.65,2018-09-07,87,Finished Goods,873.54
PRD-00410,VEN-0107,Lambda Supplies #107,9.81,2018-09-07,87,Consumables,7.33
PRD-00333,VEN-0178,Lambda Components #178,59.18,2018-08-21,74,Components,45.82
PRD-00351,VEN-0163,Eta Industries #163,111.48,2018-07-13,77,Components,77.48
PRD-00422,VEN-0163,Eta Industries #163,13.98,2018-07-13,77,Consumables,9.47
PRD-00253,VEN-0103,Kappa International #103,7.27,2018-06-06,92,Components,5.97
PRD-00340,VEN-0019,Theta Supplies #19,62.7,2018-05-28,96,Components,46.21
PRD-00383,VEN-0019,Theta Supplies #19,16.96,2018-05-28,96,Consumables,13.12
PRD-00363,VEN-0019,Theta Supplies #19,18.51,2018-05-28,96,Consumables,14.02
PRD-00037,VEN-0058,Epsilon Corp #58,52.94,2018-04-17,95,Raw Materials,41.75
PRD-00049,VEN-0058,Epsilon Corp #58,17.39,2018-04-17,95,Raw Materials,14.31
PRD-00356,VEN-0058,Epsilon Corp #58,89.52,2018-04-17,95,Components,72.01
PRD-00164,VEN-0058,Epsilon Corp #58,452.02,2018-04-17,95,Finished Goods,376.48
PRD-00376,VEN-0058,Epsilon Corp #58,13.41,2018-04-17,95,Consumables,9.7
PRD-00409,VEN-0096,Lambda Inc #96,9.27,2018-04-09,88,Consumables,6.41
PRD-00313,VEN-0194,Epsilon Industries #194,54.14,2018-04-03,73,Components,37.18
PRD-00192,VEN-0194,Epsilon Industries #194,536.15,2018-04-03,73,Finished Goods,440.09
PRD-00451,VEN-0194,Epsilon Industries #194,4.5,2018-04-03,73,Consumables,3.07
PRD-00288,VEN-0078,Beta Components #78,27.76,2018-03-20,91,Components,20.48
PRD-00085,VEN-0078,Beta Components #78,152.66,2018-03-20,91,Raw Materials,115.19
PRD-00447,VEN-0078,Beta Components #78,4.48,2018-03-20,91,Consumables,3.04
PRD-00148,VEN-0078,Beta Components #78,237.35,2018-03-20,91,Finished Goods,182.47
PRD-00429,VEN-0163,Eta Industries #163,4.24,2018-03-14,77,Consumables,2.99
PRD-00460,VEN-0163,Eta Industries #163,20.64,2018-03-14,77,Consumables,14.34
PRD-00323,VEN-0028,Iota Trading #28,60.66,2018-03-08,98,Components,45.71
PRD-00279,VEN-0028,Iota Trading #28,0.69,2018-03-08,98,Components,0.47
PRD-00452,VEN-0104,Lambda Components #104,4.68,2018-03-05,85,Consumables,3.36
PRD-00456,VEN-0122,Zeta Industries #122,22.26,2018-03-02,94,Consumables,15.45
PRD-00259,VEN-0122,Zeta Industries #122,6.84,2018-03-02,94,Components,5.54
PRD-00369,VEN-0122,Zeta Industries #122,12.79,2018-03-02,94,Consumables,10.1
PRD-00244,VEN-0122,Zeta Industries #122,7.4,2018-03-02,94,Components,5.55
PRD-00025,VEN-0122,Zeta Industries #122,39.08,2018-03-02,94,Raw Materials,31.57
PRD-00260,VEN-0026,Sigma Corp #26,7.28,2018-02-12,97,Components,5.66
PRD-00246,VEN-0026,Sigma Corp #26,8.13,2018-02-12,97,Components,5.76
PRD-00005,VEN-0026,Sigma Corp #26,41.62,2018-02-12,97,Raw Materials,29.12
PRD-00046,VEN-0026,Sigma Corp #26,21.37,2018-02-12,97,Raw Materials,16.49
PRD-00447,VEN-0040,Delta Group #40,4.31,2018-01-30,99,Consumables,3.04
PRD-00379,VEN-0040,Delta Group #40,15.87,2018-01-30,99,Consumables,11.36
PRD-00096,VEN-0154,Theta Industries #154,101.26,2017-12-22,85,Raw Materials,82.6
PRD-00144,VEN-0154,Theta Industries #154,341.67,2017-12-22,85,Finished Goods,237.6
PRD-00254,VEN-0069,Kappa Industries #69,6.52,2017-12-21,95,Components,4.78
PRD-00148,VEN-0069,Kappa Industries #69,272.99,2017-12-21,95,Finished Goods,182.47
PRD-00385,VEN-0069,Kappa Industries #69,14.6,2017-12-21,95,Consumables,11.78
PRD-00059,VEN-0069,Kappa Industries #69,17.72,2017-12-21,95,Raw Materials,12.15
PRD-00318,VEN-0069,Kappa Industries #69,35.45,2017-12-21,95,Components,29.46
PRD-00386,VEN-0181,Lambda Supplies #181,19.7,2017-12-05,81,Consumables,13.24
PRD-00056,VEN-0181,Lambda Supplies #181,21.3,2017-12-05,81,Raw Materials,16.97
PRD-00332,VEN-0181,Lambda Supplies #181,56.19,2017-12-05,81,Components,46.45
PRD-00096,VEN-0181,Lambda Supplies #181,114.4,2017-12-05,81,Raw Materials,82.6
PRD-00392,VEN-0074,Sigma Industries #74,10.81,2017-11-22,86,Consumables,7.96
PRD-00474,VEN-0074,Sigma Industries #74,19.06,2017-11-22,86,Consumables,14.9
PRD-00195,VEN-0074,Sigma Industries #74,574.23,2017-11-22,86,Finished Goods,395.4
PRD-00458,VEN-0074,Sigma Industries #74,24.06,2017-11-22,86,Consumables,16.81
PRD-00381,VEN-0074,Sigma Industries #74,18.3,2017-11-22,86,Consumables,12.25
PRD-00211,VEN-0016,Gamma Components #16,726.62,2017-11-01,95,Finished Goods,569.77
PRD-00285,VEN-0016,Gamma Components #16,35.72,2017-11-01,95,Components,26.98
PRD-00065,VEN-0016,Gamma Components #16,29.48,2017-11-01,95,Raw Materials,21.2
PRD-00219,VEN-0016,Gamma Components #16,786.29,2017-11-01,95,Finished Goods,574.31
PRD-00010,VEN-0016,Gamma Components #16,40.31,2017-11-01,95,Raw Materials,27.32
PRD-00326,VEN-0065,Iota Components #65,59.87,2017-10-25,93,Components,46.86
PRD-00138,VEN-0065,Iota Components #65,151.7,2017-10-25,93,Finished Goods,123.64
PRD-00265,VEN-0065,Iota Components #65,0.66,2017-10-25,93,Components,0.45
PRD-00347,VEN-0065,Iota Components #65,69.23,2017-10-25,93,Components,54.79
PRD-00369,VEN-0065,Iota Components #65,14.63,2017-10-25,93,Consumables,10.1
PRD-00151,VEN-0172,Theta Industries #172,287.85,2017-10-24,76,Finished Goods,198.22
PRD-00415,VEN-0172,Theta Industries #172,8.92,2017-10-24,76,Consumables,7.06
PRD-00217,VEN-0172,Theta Industries #172,665.39,2017-10-24,76,Finished Goods,467.04
PRD-00023,VEN-0073,Lambda Ltd #73,52.76,2017-09-18,89,Raw Materials,35.35
PRD-00349,VEN-0073,Lambda Ltd #73,97.4,2017-09-18,89,Components,72.65
PRD-00266,VEN-0073,Lambda Ltd #73,0.69,2017-09-18,89,Components,0.54
PRD-00477,VEN-0073,Lambda Ltd #73,22.9,2017-09-18,89,Consumables,15.34
PRD-00217,VEN-0073,Lambda Ltd #73,636.4,2017-09-18,89,Finished Goods,467.04
PRD-00382,VEN-0051,Lambda Ltd #51,18.34,2017-08-08,99,Consumables,12.76
PRD-00367,VEN-0051,Lambda Ltd #51,17.66,2017-08-08,99,Consumables,12.82
PRD-00134,VEN-0051,Lambda Ltd #51,202.52,2017-08-08,99,Finished Goods,166.81
PRD-00161,VEN-0049,Beta Materials #49,407.45,2017-08-04,99,Finished Goods,322.69
PRD-00313,VEN-0049,Beta Materials #49,46.36,2017-08-04,99,Components,37.18
PRD-00360,VEN-0069,Kappa Industries #69,80.42,2017-07-31,95,Components,58.8
PRD-00084,VEN-0069,Kappa Industries #69,172.37,2017-07-31,95,Raw Materials,123.05
PRD-00098,VEN-0069,Kappa Industries #69,90.68,2017-07-31,95,Raw Materials,68.44
PRD-00411,VEN-0152,Eta Components #152,12.44,2017-07-26,95,Consumables,8.89
PRD-00039,VEN-0141,Alpha Corp #141,57.24,2017-07-21,95,Raw Materials,38.65
PRD-00118,VEN-0141,Alpha Corp #141,49.78,2017-07-21,95,Raw Materials,41.46
PRD-00280,VEN-0141,Alpha Corp #141,0.73,2017-07-21,95,Components,0.55
PRD-00222,VEN-0141,Alpha Corp #141,1184.76,2017-07-21,95,Finished Goods,873.54
PRD-00091,VEN-0080,Alpha Trading #80,139.03,2017-07-14,90,Raw Materials,93.46
PRD-00469,VEN-0019,Theta Supplies #19,17.7,2017-06-14,96,Consumables,14.01
PRD-00303,VEN-0019,Theta Supplies #19,38.67,2017-06-14,96,Components,28.6
PRD-00426,VEN-0019,Theta Supplies #19,4.44,2017-06-14,96,Consumables,3.05
PRD-00086,VEN-0019,Theta Supplies #19,152.12,2017-06-14,96,Raw Materials,123.58
PRD-00008,VEN-0019,Theta Supplies #19,25.49,2017-06-14,96,Raw Materials,20.36
PRD-00250,VEN-0119,Gamma Inc #119,6.62,2017-06-07,90,Components,4.92
PRD-00301,VEN-0023,Delta Ltd #23,52.63,2017-06-02,97,Components,36.66
PRD-00383,VEN-0023,Delta Ltd #23,16.31,2017-06-02,97,Consumables,13.12
PRD-00378,VEN-0023,Delta Ltd #23,17.61,2017-06-02,97,Consumables,13.42
PRD-00465,VEN-0023,Delta Ltd #23,24.9,2017-06-02,97,Consumables,16.95
PRD-00227,VEN-0023,Delta Ltd #23,931.81,2017-06-02,97,Finished Goods,708.34
PRD-00441,VEN-0073,Lambda Ltd #73,4.44,2017-05-30,89,Consumables,2.99
PRD-00026,VEN-0073,Lambda Ltd #73,43.17,2017-05-30,89,Raw Materials,34.37
PRD-00167,VEN-0100,Delta Group #100,554.9,2017-05-09,95,Finished Goods,417.51
PRD-00116,VEN-0100,Delta Group #100,39.8,2017-05-09,95,Raw Materials,29.72
PRD-00385,VEN-0100,Delta Group #100,14.32,2017-05-09,95,Consumables,11.78
PRD-00343,VEN-0100,Delta Group #100,89.06,2017-05-09,95,Components,61.54
PRD-00475,VEN-0042,Gamma Supplies #42,18.18,2017-04-24,99,Consumables,14.58
PRD-00060,VEN-0039,Beta Supplies #39,17.98,2017-04-04,95,Raw Materials,12.41
PRD-00363,VEN-0039,Beta Supplies #39,20.21,2017-04-04,95,Consumables,14.02
PRD-00260,VEN-0196,Theta Group #196,6.98,2017-03-16,84,Components,5.66
PRD-00118,VEN-0190,Zeta Ltd #190,59.1,2017-02-23,77,Raw Materials,41.46
PRD-00306,VEN-0090,Beta Corp #90,56.63,2017-01-23,85,Components,42.0
PRD-00072,VEN-0160,Delta Industries #160,26.27,2017-01-19,91,Raw Materials,19.6
PRD-00012,VEN-0160,Delta Industries #160,38.79,2017-01-19,91,Raw Materials,26.74
PRD-00425,VEN-0160,Delta Industries #160,3.36,2017-01-19,91,Consumables,2.69
PRD-00397,VEN-0160,Delta Industries #160,11.53,2017-01-19,91,Consumables,9.57
PRD-00058,VEN-0160,Delta Industries #160,17.52,2017-01-19,91,Raw Materials,12.41
PRD-00102,VEN-0015,Alpha Corp #15,124.22,2016-12-02,98,Raw Materials,90.52
PRD-00198,VEN-0015,Alpha Corp #15,498.97,2016-12-02,98,Finished Goods,336.02
PRD-00368,VEN-0015,Alpha Corp #15,19.81,2016-12-02,98,Consumables,14.13
PRD-00226,VEN-0015,Alpha Corp #15,941.02,2016-12-02,98,Finished Goods,639.66
PRD-00313,VEN-0184,Delta Industries #184,46.79,2016-11-16,83,Components,37.18
PRD-00006,VEN-0184,Delta Industries #184,34.33,2016-11-16,83,Raw Materials,26.57
PRD-00469,VEN-0184,Delta Industries #184,17.86,2016-11-16,83,Consumables,14.01
PRD-00231,VEN-0171,Beta Inc #171,950.08,2016-11-14,70,Finished Goods,770.84
PRD-00432,VEN-0171,Beta Inc #171,3.7,2016-11-14,70,Consumables,2.47
PRD-00183,VEN-0016,Gamma Components #16,607.9,2016-11-03,95,Finished Goods,466.1
PRD-00445,VEN-0016,Gamma Components #16,4.74,2016-11-03,95,Consumables,3.26
PRD-00236,VEN-0016,Gamma Components #16,1073.98,2016-11-03,95,Finished Goods,802.56
PRD-00471,VEN-0016,Gamma Components #16,21.24,2016-11-03,95,Consumables,15.9
PRD-00049,VEN-0016,Gamma Components #16,19.57,2016-11-03,95,Raw Materials,14.31
PRD-00238,VEN-0099,Beta Corp #99,1115.45,2016-10-31,90,Finished Goods,761.55
PRD-00092,VEN-0099,Beta Corp #99,114.03,2016-10-31,90,Raw Materials,82.38
PRD-00172,VEN-0099,Beta Corp #99,491.61,2016-10-31,90,Finished Goods,351.86
PRD-00201,VEN-0099,Beta Corp #99,769.75,2016-10-31,90,Finished Goods,578.55
PRD-00115,VEN-0080,Alpha Trading #80,56.69,2016-10-21,90,Raw Materials,41.75
PRD-00035,VEN-0080,Alpha Trading #80,58.45,2016-10-21,90,Raw Materials,47.62
PRD-00240,VEN-0080,Alpha Trading #80,1234.98,2016-10-21,90,Finished Goods,824.09
PRD-00406,VEN-0080,Alpha Trading #80,11.15,2016-10-21,90,Consumables,9.21
PRD-00202,VEN-0001,Kappa Industries #1,607.55,2016-08-18,96,Finished Goods,502.22
PRD-00430,VEN-0001,Kappa Industries #1,3.78,2016-08-18,96,Consumables,3.06
PRD-00248,VEN-0001,Kappa Industries #1,8.26,2016-08-18,96,Components,5.62
PRD-00149,VEN-0048,Iota Ltd #48,254.05,2016-07-06,100,Finished Goods,178.75
PRD-00079,VEN-0048,Iota Ltd #48,136.31,2016-07-06,100,Raw Materials,97.86
PRD-00154,VEN-0048,Iota Ltd #48,282.28,2016-07-06,100,Finished Goods,230.64
PRD-00161,VEN-0048,Iota Ltd #48,476.69,2016-07-06,100,Finished Goods,322.69
PRD-00211,VEN-0001,Kappa Industries #1,789.62,2016-05-18,96,Finished Goods,569.77
PRD-00325,VEN-0001,Kappa Industries #1,62.9,2016-05-18,96,Components,47.09
PRD-00062,VEN-0001,Kappa Industries #1,23.84,2016-05-18,96,Raw Materials,17.65
PRD-00167,VEN-0001,Kappa Industries #1,545.55,2016-05-18,96,Finished Goods,417.51
PRD-00289,VEN-0053,Zeta Group #53,27.43,2016-02-24,98,Components,20.75
PRD-00427,VEN-0053,Zeta Group #53,4.74,2016-02-24,98,Consumables,3.37
PRD-00053,VEN-0053,Zeta Group #53,23.42,2016-02-24,98,Raw Materials,16.66
PRD-00397,VEN-0053,Zeta Group #53,12.95,2016-02-24,98,Consumables,9.57
PRD-00061,VEN-0053,Zeta Group #53,32.99,2016-02-24,98,Raw Materials,23.39
PRD-00215,VEN-0138,Zeta Materials #138,623.67,2016-02-18,86,Finished Goods,517.49
PRD-00193,VEN-0138,Zeta Materials #138,638.78,2016-02-18,86,Finished Goods,440.74
PRD-00267,VEN-0138,Zeta Materials #138,0.85,2016-02-18,86,Components,0.58
PRD-00313,VEN-0063,Delta Ltd #63,50.7,2016-02-08,95,Components,37.18
PRD-00310,VEN-0063,Delta Ltd #63,39.52,2016-02-08,95,Components,29.17
PRD-00207,VEN-0063,Delta Ltd #63,765.34,2016-02-08,95,Finished Goods,609.68
PRD-00018,VEN-0063,Delta Ltd #63,44.99,2016-02-08,95,Raw Materials,31.59
PRD-00322,VEN-0004,Zeta Trading #4,54.42,2016-01-19,99,Components,43.26
PRD-00067,VEN-0004,Zeta Trading #4,24.42,2016-01-19,99,Raw Materials,16.99
PRD-00160,VEN-0004,Zeta Trading #4,244.45,2016-01-19,99,Finished Goods,171.7
PRD-00283,VEN-0004,Zeta Trading #4,29.33,2016-01-19,99,Components,21.06
PRD-00036,VEN-0054,Epsilon International #54,54.58,2015-11-13,95,Raw Materials,42.88
PRD-00317,VEN-0054,Epsilon International #54,56.62,2015-11-13,95,Components,39.66
PRD-00038,VEN-0048,Iota Ltd #48,56.34,2015-10-26,100,Raw Materials,45.4
PRD-00427,VEN-0048,Iota Ltd #48,4.45,2015-10-26,100,Consumables,3.37
PRD-00222,VEN-0048,Iota Ltd #48,1077.4,2015-10-26,100,Finished Goods,873.54
PRD-00415,VEN-0048,Iota Ltd #48,9.13,2015-10-26,100,Consumables,7.06
PRD-00102,VEN-0082,Epsilon Trading #82,119.68,2015-09-14,95,Raw Materials,90.52
PRD-00217,VEN-0082,Epsilon Trading #82,601.1,2015-09-14,95,Finished Goods,467.04
PRD-00138,VEN-0082,Epsilon Trading #82,182.67,2015-09-14,95,Finished Goods,123.64
PRD-00361,VEN-0082,Epsilon Trading #82,15.5,2015-09-14,95,Consumables,10.59
PRD-00289,VEN-0082,Epsilon Trading #82,26.45,2015-09-14,95,Components,20.75
PRD-00391,VEN-0167,Beta Ltd #167,12.32,2015-09-02,72,Consumables,9.75
PRD-00193,VEN-0180,Theta Ltd #180,563.13,2015-06-26,78,Finished Goods,440.74
PRD-00124,VEN-0180,Theta Ltd #180,189.55,2015-06-26,78,Finished Goods,139.16
PRD-00087,VEN-0180,Theta Ltd #180,196.4,2015-06-26,78,Raw Materials,137.2
PRD-00048,VEN-0180,Theta Ltd #180,21.93,2015-06-26,78,Raw Materials,15.38
PRD-00038,VEN-0180,Theta Ltd #180,64.75,2015-06-26,78,Raw Materials,45.4
PRD-00081,VEN-0087,Kappa Trading #87,142.14,2015-06-02,85,Raw Materials,101.94
PRD-00393,VEN-0087,Kappa Trading #87,10.73,2015-06-02,85,Consumables,8.25
PRD-00406,VEN-0087,Kappa Trading #87,12.65,2015-06-02,85,Consumables,9.21
PRD-00051,VEN-0134,Sigma Ltd #134,16.87,2015-05-26,85,Raw Materials,13.19
PRD-00129,VEN-0134,Sigma Ltd #134,207.29,2015-05-26,85,Finished Goods,172.27
PRD-00406,VEN-0200,Alpha Industries #200,11.43,2015-05-20,76,Consumables,9.21
PRD-00024,VEN-0038,Beta Ltd #38,32.51,2015-03-25,96,Raw Materials,25.24
PRD-00230,VEN-0038,Beta Ltd #38,1021.18,2015-03-25,96,Finished Goods,815.44
PRD-00265,VEN-0038,Beta Ltd #38,0.62,2015-03-25,96,Components,0.45
PRD-00330,VEN-0038,Beta Ltd #38,47.88,2015-03-25,96,Components,36.4
PRD-00051,VEN-0035,Delta International #35,16.65,2015-03-23,97,Raw Materials,13.19
PRD-00133,VEN-0035,Delta International #35,267.65,2015-03-23,97,Finished Goods,179.31
PRD-00119,VEN-0035,Delta International #35,49.76,2015-03-23,97,Raw Materials,41.2
PRD-00217,VEN-0035,Delta International #35,664.67,2015-03-23,97,Finished Goods,467.04
PRD-00007,VEN-0071,Beta Supplies #71,28.65,2014-12-10,91,Raw Materials,22.46
PRD-00092,VEN-0071,Beta Supplies #71,103.44,2014-12-10,91,Raw Materials,82.38
PRD-00467,VEN-0028,Iota Trading #28,19.46,2014-10-08,98,Consumables,14.21
PRD-00188,VEN-0028,Iota Trading #28,569.7,2014-10-08,98,Finished Goods,391.83
PRD-00203,VEN-0028,Iota Trading #28,922.88,2014-10-08,98,Finished Goods,637.34
PRD-00087,VEN-0176,Epsilon Ltd #176,189.89,2014-09-30,79,Raw Materials,137.2
PRD-00353,VEN-0008,Alpha Inc #8,79.35,2014-09-29,98,Components,54.32
PRD-00066,VEN-0008,Alpha Inc #8,28.65,2014-09-29,98,Raw Materials,23.83
PRD-00114,VEN-0149,Epsilon International #149,36.78,2014-09-26,88,Raw Materials,29.13
PRD-00261,VEN-0149,Epsilon International #149,0.57,2014-09-26,88,Components,0.42
PRD-00290,VEN-0149,Epsilon International #149,34.58,2014-09-26,88,Components,27.83
PRD-00284,VEN-0149,Epsilon International #149,33.99,2014-09-26,88,Components,24.2
PRD-00124,VEN-0149,Epsilon International #149,194.75,2014-09-26,88,Finished Goods,139.16
PRD-00410,VEN-0173,Beta Group #173,9.22,2014-09-24,72,Consumables,7.33
PRD-00124,VEN-0173,Beta Group #173,208.16,2014-09-24,72,Finished Goods,139.16
PRD-00004,VEN-0173,Beta Group #173,40.59,2014-09-24,72,Raw Materials,28.88
PRD-00019,VEN-0173,Beta Group #173,43.64,2014-09-24,72,Raw Materials,32.36
PRD-00469,VEN-0173,Beta Group #173,18.3,2014-09-24,72,Consumables,14.01
PRD-00198,VEN-0128,Theta Supplies #128,466.13,2014-06-16,90,Finished Goods,336.02
PRD-00147,VEN-0118,Zeta Industries #118,335.19,2014-05-22,86,Finished Goods,236.11
PRD-00483,VEN-0118,Zeta Industries #118,25.61,2014-05-22,86,Consumables,17.78
PRD-00060,VEN-0138,Zeta Materials #138,17.76,2014-05-01,86,Raw Materials,12.41
PRD-00320,VEN-0138,Zeta Materials #138,40.6,2014-05-01,86,Components,31.39
PRD-00076,VEN-0138,Zeta Materials #138,129.26,2014-05-01,86,Raw Materials,104.63
PRD-00208,VEN-0138,Zeta Materials #138,741.28,2014-05-01,86,Finished Goods,513.93
PRD-00163,VEN-0138,Zeta Materials #138,436.19,2014-05-01,86,Finished Goods,310.78
PRD-00340,VEN-0131,Delta Components #131,57.04,2014-03-04,94,Components,46.21
PRD-00053,VEN-0131,Delta Components #131,23.6,2014-03-04,94,Raw Materials,16.66
PRD-00386,VEN-0131,Delta Components #131,17.69,2014-03-04,94,Consumables,13.24
PRD-00336,VEN-0019,Theta Supplies #19,60.65,2013-11-19,96,Components,44.62
PRD-00345,VEN-0114,Eta Ltd #114,81.28,2013-06-10,89,Components,63.18
PRD-00201,VEN-0114,Eta Ltd #114,713.75,2013-06-10,89,Finished Goods,578.55
PRD-00166,VEN-0114,Eta Ltd #114,438.47,2013-06-10,89,Finished Goods,331.43
PRD-00430,VEN-0158,Kappa Industries #158,4.19,2013-05-22,90,Consumables,3.06
PRD-00416,VEN-0040,Delta Group #40,8.89,2013-05-13,99,Consumables,6.98
PRD-00101,VEN-0040,Delta Group #40,92.68,2013-05-13,99,Raw Materials,75.22
PRD-00363,VEN-0040,Delta Group #40,20.07,2013-05-13,99,Consumables,14.02
PRD-00328,VEN-0040,Delta Group #40,52.37,2013-05-13,99,Components,37.86
PRD-00337,VEN-0032,Sigma Corp #32,60.93,2013-04-22,99,Components,45.6
PRD-00097,VEN-0032,Sigma Corp #32,115.73,2013-04-22,99,Raw Materials,91.12
PRD-00090,VEN-0002,Kappa Components #2,145.77,2013-04-10,97,Raw Materials,102.03
PRD-00247,VEN-0002,Kappa Components #2,7.03,2013-04-10,97,Components,5.27
PRD-00143,VEN-0002,Kappa Components #2,253.65,2013-04-10,97,Finished Goods,181.2
PRD-00416,VEN-0002,Kappa Components #2,9.52,2013-04-10,97,Consumables,6.98
PRD-00315,VEN-0002,Kappa Components #2,36.72,2013-04-10,97,Components,29.39
PRD-00250,VEN-0028,Iota Trading #28,6.38,2013-03-28,98,Components,4.92
PRD-00140,VEN-0028,Iota Trading #28,179.11,2013-03-28,98,Finished Goods,142.63
PRD-00359,VEN-0028,Iota Trading #28,92.04,2013-03-28,98,Components,68.18
PRD-00355,VEN-0075,Eta Inc #75,97.42,2013-01-28,89,Components,74.8
PRD-00259,VEN-0075,Eta Inc #75,7.21,2013-01-28,89,Components,5.54
PRD-00354,VEN-0075,Eta Inc #75,92.36,2013-01-28,89,Components,61.8
PRD-00095,VEN-0174,Beta Group #174,141.59,2012-05-29,77,Raw Materials,95.33
PRD-00113,VEN-0174,Beta Group #174,57.37,2012-05-29,77,Raw Materials,40.25
PRD-00294,VEN-0174,Beta Group #174,25.52,2012-05-29,77,Components,20.86
PRD-00343,VEN-0174,Beta Group #174,79.66,2012-05-29,77,Components,61.54
PRD-00446,VEN-0174,Beta Group #174,3.92,2012-05-29,77,Consumables,2.8
PRD-00171,VEN-0053,Zeta Group #53,517.11,2012-02-28,98,Finished Goods,357.66
PRD-00091,VEN-0053,Zeta Group #53,113.62,2012-02-28,98,Raw Materials,93.46
PRD-00114,VEN-0053,Zeta Group #53,36.31,2012-02-28,98,Raw Materials,29.13
